TeamName,OwnerID,OpponentName,OpponentID,TeamScore,OpponentScore,Week,Year
Jody,271999,Dajuan,276726,155.28,83.30,17,2022
Waso,378644,John,793573,104.78,85.48,17,2022
Andreas,1088807,Rochas,2012141,123.84,120.40,17,2022
romain,1360516,Tomas,5892024,133.12,95.32,17,2022
Lorenzo,2017413,Michael,7611079,87.64,84.08,17,2022
Matt,3190107,LUCIAN,7582304,131.76,72.26,17,2022
Mikell,6014430,grady,17510577,89.32,58.78,17,2022
Francesco,10808626,Ignacio,12608269,154.00,71.50,17,2022
Jody,271999,John,793573,160.54,108.90,16,2022
Dajuan,276726,Waso,378644,116.12,82.54,16,2022
Andreas,1088807,Michael,7611079,96.86,110.76,16,2022
romain,1360516,Francesco,10808626,117.36,172.36,16,2022
Rochas,2012141,Lorenzo,2017413,87.80,104.12,16,2022
Matt,3190107,grady,17510577,90.92,86.94,16,2022
Tomas,5892024,Ignacio,12608269,109.46,144.48,16,2022
Mikell,6014430,LUCIAN,7582304,117.96,120.92,16,2022
Jody,271999,romain,1360516,119.68,149.86,15,2022
Dajuan,276726,Tomas,5892024,147.78,152.72,15,2022
Waso,378644,Ignacio,12608269,99.12,135.10,15,2022
John,793573,Francesco,10808626,87.52,163.38,15,2022
Andreas,1088807,Matt,3190107,70.54,143.58,15,2022
Rochas,2012141,Mikell,6014430,79.60,106.54,15,2022
Lorenzo,2017413,LUCIAN,7582304,84.02,162.44,15,2022
Michael,7611079,grady,17510577,109.52,171.02,15,2022
Jody,271999,Lorenzo,2017413,91.70,78.38,14,2022
Dajuan,276726,Rochas,2012141,125.40,72.58,14,2022
Waso,378644,romain,1360516,122.38,170.54,14,2022
John,793573,LUCIAN,7582304,103.90,122.18,14,2022
Andreas,1088807,Michael,7611079,77.20,132.92,14,2022
Matt,3190107,Francesco,10808626,77.18,161.26,14,2022
Tomas,5892024,Mikell,6014430,97.38,124.28,14,2022
Ignacio,12608269,grady,17510577,140.96,136.84,14,2022
Jody,271999,Francesco,10808626,122.64,109.86,13,2022
Dajuan,276726,Lorenzo,2017413,116.68,107.08,13,2022
Waso,378644,Mikell,6014430,116.20,147.02,13,2022
John,793573,Rochas,2012141,83.32,154.38,13,2022
Andreas,1088807,grady,17510577,142.98,102.80,13,2022
romain,1360516,Tomas,5892024,90.54,151.00,13,2022
Matt,3190107,LUCIAN,7582304,96.66,107.72,13,2022
Michael,7611079,Ignacio,12608269,105.36,190.54,13,2022
Jody,271999,Dajuan,276726,120.34,122.98,12,2022
Waso,378644,Francesco,10808626,154.32,154.30,12,2022
John,793573,Michael,7611079,135.02,110.74,12,2022
Andreas,1088807,Tomas,5892024,150.00,122.72,12,2022
romain,1360516,grady,17510577,138.62,105.94,12,2022
Rochas,2012141,Matt,3190107,89.08,87.64,12,2022
Lorenzo,2017413,LUCIAN,7582304,107.86,116.74,12,2022
Mikell,6014430,Ignacio,12608269,123.90,146.20,12,2022
Jody,271999,Matt,3190107,127.98,122.40,11,2022
Dajuan,276726,romain,1360516,108.06,90.52,11,2022
Waso,378644,grady,17510577,154.48,165.24,11,2022
John,793573,Mikell,6014430,107.26,105.76,11,2022
Andreas,1088807,LUCIAN,7582304,126.64,98.04,11,2022
Rochas,2012141,Ignacio,12608269,79.10,161.50,11,2022
Lorenzo,2017413,Michael,7611079,111.46,129.64,11,2022
Tomas,5892024,Francesco,10808626,96.30,119.62,11,2022
Jody,271999,LUCIAN,7582304,162.82,79.80,10,2022
Dajuan,276726,Andreas,1088807,88.18,111.72,10,2022
Waso,378644,Ignacio,12608269,103.04,167.00,10,2022
John,793573,Rochas,2012141,102.30,112.80,10,2022
romain,1360516,Mikell,6014430,152.10,103.80,10,2022
Lorenzo,2017413,grady,17510577,132.88,152.50,10,2022
Matt,3190107,Michael,7611079,112.12,106.06,10,2022
Tomas,5892024,Francesco,10808626,129.44,124.86,10,2022
Jody,271999,Rochas,2012141,87.90,79.26,9,2022
Dajuan,276726,Andreas,1088807,76.66,106.74,9,2022
Waso,378644,John,793573,144.08,135.52,9,2022
romain,1360516,Lorenzo,2017413,134.04,100.68,9,2022
Matt,3190107,Mikell,6014430,57.30,179.24,9,2022
Tomas,5892024,LUCIAN,7582304,98.12,126.50,9,2022
Michael,7611079,grady,17510577,99.80,117.08,9,2022
Francesco,10808626,Ignacio,12608269,148.52,71.34,9,2022
Jody,271999,Andreas,1088807,167.20,93.50,8,2022
Dajuan,276726,Waso,378644,110.58,153.32,8,2022
John,793573,romain,1360516,108.56,147.62,8,2022
Rochas,2012141,Tomas,5892024,123.84,126.40,8,2022
Lorenzo,2017413,Ignacio,12608269,109.38,137.98,8,2022
Matt,3190107,grady,17510577,119.66,114.90,8,2022
Mikell,6014430,Francesco,10808626,120.82,172.94,8,2022
LUCIAN,7582304,Michael,7611079,114.16,142.16,8,2022
Jody,271999,John,793573,108.30,82.52,7,2022
Dajuan,276726,Francesco,10808626,99.62,152.16,7,2022
Waso,378644,LUCIAN,7582304,96.08,74.12,7,2022
Andreas,1088807,Ignacio,12608269,127.66,113.04,7,2022
romain,1360516,Matt,3190107,149.64,102.68,7,2022
Rochas,2012141,Lorenzo,2017413,85.56,123.54,7,2022
Tomas,5892024,grady,17510577,137.98,127.36,7,2022
Mikell,6014430,Michael,7611079,133.04,138.60,7,2022
Jody,271999,Ignacio,12608269,119.72,125.90,6,2022
Dajuan,276726,John,793573,103.40,90.32,6,2022
Waso,378644,Tomas,5892024,108.92,128.70,6,2022
Andreas,1088807,romain,1360516,80.90,132.16,6,2022
Rochas,2012141,grady,17510577,77.48,106.48,6,2022
Lorenzo,2017413,Matt,3190107,74.36,86.64,6,2022
Mikell,6014430,LUCIAN,7582304,156.62,120.10,6,2022
Michael,7611079,Francesco,10808626,113.04,119.62,6,2022
Jody,271999,grady,17510577,166.06,150.96,5,2022
Dajuan,276726,Mikell,6014430,102.54,134.38,5,2022
Waso,378644,Ignacio,12608269,87.92,100.88,5,2022
John,793573,Lorenzo,2017413,130.12,109.06,5,2022
Andreas,1088807,Matt,3190107,134.38,103.98,5,2022
romain,1360516,Francesco,10808626,163.10,120.82,5,2022
Rochas,2012141,LUCIAN,7582304,108.16,139.86,5,2022
Tomas,5892024,Michael,7611079,171.16,112.30,5,2022
Jody,271999,Tomas,5892024,116.78,123.44,4,2022
Dajuan,276726,Matt,3190107,137.82,109.54,4,2022
Waso,378644,Lorenzo,2017413,156.80,107.56,4,2022
John,793573,Ignacio,12608269,162.60,98.88,4,2022
Andreas,1088807,Rochas,2012141,99.50,134.18,4,2022
romain,1360516,Michael,7611079,139.04,120.30,4,2022
Mikell,6014430,grady,17510577,100.66,127.52,4,2022
LUCIAN,7582304,Francesco,10808626,130.84,142.46,4,2022
Jody,271999,LUCIAN,7582304,118.56,150.10,3,2022
Dajuan,276726,Michael,7611079,134.50,114.66,3,2022
Waso,378644,Matt,3190107,120.18,81.22,3,2022
John,793573,Andreas,1088807,108.00,92.62,3,2022
romain,1360516,Ignacio,12608269,83.48,123.54,3,2022
Rochas,2012141,Mikell,6014430,151.86,103.56,3,2022
Lorenzo,2017413,Tomas,5892024,142.80,175.96,3,2022
Francesco,10808626,grady,17510577,131.06,108.78,3,2022
Jody,271999,Mikell,6014430,133.96,68.90,2,2022
Dajuan,276726,LUCIAN,7582304,149.74,103.88,2,2022
Waso,378644,Michael,7611079,182.76,121.20,2,2022
John,793573,Matt,3190107,140.00,121.36,2,2022
Andreas,1088807,Francesco,10808626,81.30,107.98,2,2022
romain,1360516,Rochas,2012141,146.74,90.60,2,2022
Lorenzo,2017413,grady,17510577,151.16,120.24,2,2022
Tomas,5892024,Ignacio,12608269,142.32,134.86,2,2022
Jody,271999,Michael,7611079,122.20,143.00,1,2022
Dajuan,276726,grady,17510577,123.74,98.26,1,2022
Waso,378644,Rochas,2012141,173.20,113.70,1,2022
John,793573,Francesco,10808626,140.06,99.40,1,2022
Andreas,1088807,Lorenzo,2017413,85.58,115.02,1,2022
romain,1360516,Mikell,6014430,120.70,125.80,1,2022
Matt,3190107,Tomas,5892024,114.30,130.62,1,2022
LUCIAN,7582304,Ignacio,12608269,118.78,125.82,1,2022
Jody,271999,Rochas,2012141,138.74,119.08,17,2021
Dajuan,276726,romain,1360516,156.80,63.00,17,2021
Waso,378644,John,793573,145.52,114.26,17,2021
Andreas,1088807,Michael,7611079,134.14,146.94,17,2021
Chris,1191284,Matt,3190107,159.40,173.80,17,2021
Lorenzo,2017413,Ignacio,12608269,96.30,111.22,17,2021
DB,2442650,Francesco,10808626,86.72,136.28,17,2021
Tomas,5892024,LUCIAN,7582304,92.50,92.72,17,2021
Jody,271999,Lorenzo,2017413,78.44,146.36,16,2021
Dajuan,276726,Chris,1191284,204.68,101.04,16,2021
Waso,378644,Andreas,1088807,115.18,136.90,16,2021
John,793573,Michael,7611079,109.86,139.22,16,2021
romain,1360516,Matt,3190107,140.60,71.80,16,2021
Rochas,2012141,Ignacio,12608269,91.34,91.60,16,2021
DB,2442650,LUCIAN,7582304,81.80,102.54,16,2021
Tomas,5892024,Francesco,10808626,155.16,92.20,16,2021
Jody,271999,Tomas,5892024,93.84,91.90,15,2021
Dajuan,276726,John,793573,67.36,125.90,15,2021
Waso,378644,Matt,3190107,148.60,142.26,15,2021
Andreas,1088807,romain,1360516,94.98,83.88,15,2021
Chris,1191284,Michael,7611079,97.64,170.40,15,2021
Rochas,2012141,LUCIAN,7582304,139.20,134.96,15,2021
Lorenzo,2017413,Francesco,10808626,147.60,68.04,15,2021
DB,2442650,Ignacio,12608269,93.62,105.98,15,2021
Jody,271999,John,793573,77.98,130.48,14,2021
Dajuan,276726,LUCIAN,7582304,157.22,112.08,14,2021
Waso,378644,Matt,3190107,160.36,149.76,14,2021
Andreas,1088807,romain,1360516,95.34,146.24,14,2021
Chris,1191284,DB,2442650,119.82,111.68,14,2021
Rochas,2012141,Francesco,10808626,69.52,116.20,14,2021
Lorenzo,2017413,Michael,7611079,140.30,148.92,14,2021
Tomas,5892024,Ignacio,12608269,103.92,150.84,14,2021
Jody,271999,Waso,378644,96.50,157.40,13,2021
Dajuan,276726,Andreas,1088807,145.26,137.02,13,2021
John,793573,DB,2442650,107.94,92.60,13,2021
Chris,1191284,Francesco,10808626,111.16,84.62,13,2021
romain,1360516,Michael,7611079,87.86,111.64,13,2021
Rochas,2012141,Matt,3190107,128.92,112.44,13,2021
Lorenzo,2017413,Tomas,5892024,144.02,119.94,13,2021
LUCIAN,7582304,Ignacio,12608269,185.78,81.10,13,2021
Jody,271999,Francesco,10808626,102.26,122.94,12,2021
Dajuan,276726,John,793573,121.16,126.80,12,2021
Waso,378644,romain,1360516,119.34,141.90,12,2021
Andreas,1088807,LUCIAN,7582304,128.80,131.90,12,2021
Chris,1191284,Lorenzo,2017413,127.16,106.56,12,2021
Rochas,2012141,Tomas,5892024,110.10,114.58,12,2021
DB,2442650,Michael,7611079,96.48,144.10,12,2021
Matt,3190107,Ignacio,12608269,138.76,98.88,12,2021
Jody,271999,Chris,1191284,86.66,135.90,11,2021
Dajuan,276726,Waso,378644,107.50,127.76,11,2021
John,793573,Lorenzo,2017413,101.76,92.02,11,2021
Andreas,1088807,Michael,7611079,140.94,153.36,11,2021
romain,1360516,LUCIAN,7582304,125.86,149.48,11,2021
Rochas,2012141,Ignacio,12608269,129.44,125.12,11,2021
DB,2442650,Matt,3190107,109.74,122.88,11,2021
Tomas,5892024,Francesco,10808626,88.02,100.84,11,2021
Jody,271999,LUCIAN,7582304,97.44,104.18,10,2021
Dajuan,276726,Andreas,1088807,152.10,107.84,10,2021
Waso,378644,Ignacio,12608269,147.66,63.08,10,2021
John,793573,Rochas,2012141,175.02,102.72,10,2021
Chris,1191284,romain,1360516,85.68,115.62,10,2021
Lorenzo,2017413,DB,2442650,90.62,97.46,10,2021
Matt,3190107,Michael,7611079,107.22,130.30,10,2021
Tomas,5892024,Francesco,10808626,110.46,90.90,10,2021
Jody,271999,romain,1360516,71.94,121.08,9,2021
Dajuan,276726,Lorenzo,2017413,101.52,153.24,9,2021
Waso,378644,Andreas,1088807,151.68,121.58,9,2021
John,793573,Rochas,2012141,120.00,148.84,9,2021
Chris,1191284,Tomas,5892024,109.04,111.96,9,2021
DB,2442650,Ignacio,12608269,108.12,100.40,9,2021
Matt,3190107,Francesco,10808626,98.34,118.78,9,2021
LUCIAN,7582304,Michael,7611079,124.60,81.26,9,2021
Jody,271999,Dajuan,276726,101.28,133.20,8,2021
Waso,378644,Ignacio,12608269,108.28,124.64,8,2021
John,793573,Francesco,10808626,140.58,105.14,8,2021
Andreas,1088807,Tomas,5892024,149.18,100.32,8,2021
Chris,1191284,LUCIAN,7582304,116.60,106.76,8,2021
romain,1360516,Rochas,2012141,108.46,100.14,8,2021
Lorenzo,2017413,DB,2442650,132.78,119.28,8,2021
Matt,3190107,Michael,7611079,114.86,106.26,8,2021
Jody,271999,Tomas,5892024,96.66,114.14,7,2021
Dajuan,276726,romain,1360516,113.50,137.98,7,2021
Waso,378644,DB,2442650,112.74,151.60,7,2021
John,793573,Andreas,1088807,101.94,143.64,7,2021
Chris,1191284,Matt,3190107,95.94,107.34,7,2021
Rochas,2012141,Michael,7611079,94.48,120.80,7,2021
Lorenzo,2017413,LUCIAN,7582304,140.70,125.98,7,2021
Francesco,10808626,Ignacio,12608269,120.00,122.46,7,2021
Jody,271999,Ignacio,12608269,123.68,136.30,6,2021
Dajuan,276726,Francesco,10808626,185.40,127.42,6,2021
Waso,378644,Michael,7611079,130.28,154.32,6,2021
John,793573,Tomas,5892024,148.94,162.36,6,2021
Andreas,1088807,Chris,1191284,164.00,94.60,6,2021
romain,1360516,Lorenzo,2017413,107.92,148.74,6,2021
Rochas,2012141,DB,2442650,103.98,106.62,6,2021
Matt,3190107,LUCIAN,7582304,139.54,115.84,6,2021
Jody,271999,Michael,7611079,95.68,183.84,5,2021
Dajuan,276726,Matt,3190107,159.30,114.90,5,2021
Waso,378644,Chris,1191284,127.96,124.92,5,2021
John,793573,Ignacio,12608269,123.36,112.26,5,2021
Andreas,1088807,Lorenzo,2017413,159.98,107.08,5,2021
romain,1360516,Francesco,10808626,111.60,163.58,5,2021
Rochas,2012141,LUCIAN,7582304,173.58,168.56,5,2021
DB,2442650,Tomas,5892024,124.78,112.78,5,2021
Jody,271999,Matt,3190107,107.66,162.90,4,2021
Dajuan,276726,DB,2442650,102.06,131.12,4,2021
Waso,378644,Tomas,5892024,226.98,130.10,4,2021
John,793573,romain,1360516,131.58,104.04,4,2021
Andreas,1088807,Rochas,2012141,121.62,136.84,4,2021
Chris,1191284,Michael,7611079,83.68,131.08,4,2021
Lorenzo,2017413,Ignacio,12608269,98.42,144.48,4,2021
LUCIAN,7582304,Francesco,10808626,170.28,129.62,4,2021
Jody,271999,LUCIAN,7582304,127.92,146.42,3,2021
Dajuan,276726,Tomas,5892024,103.18,134.94,3,2021
Waso,378644,John,793573,139.74,117.62,3,2021
Andreas,1088807,DB,2442650,162.02,118.60,3,2021
Chris,1191284,Rochas,2012141,153.94,103.98,3,2021
romain,1360516,Matt,3190107,122.32,131.84,3,2021
Lorenzo,2017413,Francesco,10808626,120.58,103.52,3,2021
Michael,7611079,Ignacio,12608269,170.44,107.60,3,2021
Jody,271999,Rochas,2012141,114.62,102.06,2,2021
Dajuan,276726,Chris,1191284,113.74,156.52,2,2021
Waso,378644,Lorenzo,2017413,144.20,130.38,2,2021
John,793573,Matt,3190107,161.36,98.52,2,2021
Andreas,1088807,Ignacio,12608269,134.86,124.30,2,2021
romain,1360516,DB,2442650,144.86,130.52,2,2021
Tomas,5892024,LUCIAN,7582304,152.38,146.86,2,2021
Michael,7611079,Francesco,10808626,113.98,138.50,2,2021
Jody,271999,Lorenzo,2017413,157.86,154.08,1,2021
Dajuan,276726,Michael,7611079,173.86,151.62,1,2021
Waso,378644,Rochas,2012141,176.18,94.90,1,2021
John,793573,LUCIAN,7582304,165.16,128.26,1,2021
Andreas,1088807,Matt,3190107,122.44,91.34,1,2021
Chris,1191284,Ignacio,12608269,166.58,69.12,1,2021
romain,1360516,Tomas,5892024,140.04,129.80,1,2021
DB,2442650,Francesco,10808626,133.80,88.56,1,2021
Jody,271999,Francesco,10808626,127.48,63.98,16,2020
Dajuan,276726,Tomas,5892024,148.12,129.18,16,2020
John,793573,Matt,3190107,71.46,155.54,16,2020
Ken,827363,Rochas,2012141,149.92,114.98,16,2020
Andreas,1088807,romain,1360516,147.40,144.92,16,2020
Chris,1191284,LUCIAN,7582304,97.80,115.50,16,2020
Lorenzo,2017413,Ignacio,12608269,61.70,139.86,16,2020
DB,2442650,Michael,7611079,156.86,172.60,16,2020
Jody,271999,Matt,3190107,179.84,81.52,15,2020
Dajuan,276726,Ignacio,12608269,126.32,93.48,15,2020
John,793573,Francesco,10808626,117.48,121.94,15,2020
Ken,827363,LUCIAN,7582304,109.96,106.74,15,2020
Andreas,1088807,Michael,7611079,135.22,155.86,15,2020
Chris,1191284,Rochas,2012141,138.52,183.02,15,2020
romain,1360516,DB,2442650,156.44,173.30,15,2020
Lorenzo,2017413,Tomas,5892024,67.48,83.18,15,2020
Jody,271999,Dajuan,276726,131.80,96.10,14,2020
John,793573,Lorenzo,2017413,120.60,120.32,14,2020
Ken,827363,DB,2442650,140.62,161.10,14,2020
Andreas,1088807,Chris,1191284,164.54,119.78,14,2020
romain,1360516,LUCIAN,7582304,136.64,135.14,14,2020
Rochas,2012141,Michael,7611079,126.36,137.42,14,2020
Matt,3190107,Ignacio,12608269,157.18,136.72,14,2020
Tomas,5892024,Francesco,10808626,84.46,107.20,14,2020
Jody,271999,Ken,827363,153.20,134.44,13,2020
Dajuan,276726,Tomas,5892024,131.74,97.98,13,2020
John,793573,DB,2442650,84.12,113.92,13,2020
Andreas,1088807,Michael,7611079,223.44,117.30,13,2020
Chris,1191284,Matt,3190107,182.06,95.20,13,2020
romain,1360516,LUCIAN,7582304,138.18,89.02,13,2020
Rochas,2012141,Francesco,10808626,122.18,125.78,13,2020
Lorenzo,2017413,Ignacio,12608269,112.38,104.86,13,2020
Jody,271999,romain,1360516,127.38,177.40,12,2020
Dajuan,276726,Francesco,10808626,105.32,90.18,12,2020
John,793573,LUCIAN,7582304,170.14,120.30,12,2020
Ken,827363,Andreas,1088807,130.74,103.50,12,2020
Chris,1191284,DB,2442650,130.90,211.00,12,2020
Rochas,2012141,Matt,3190107,123.78,120.12,12,2020
Lorenzo,2017413,Michael,7611079,86.32,99.38,12,2020
Tomas,5892024,Ignacio,12608269,124.80,78.80,12,2020
Jody,271999,Michael,7611079,120.06,137.50,11,2020
Dajuan,276726,Lorenzo,2017413,111.52,113.96,11,2020
John,793573,Rochas,2012141,136.26,104.72,11,2020
Ken,827363,Francesco,10808626,145.06,94.56,11,2020
Andreas,1088807,Tomas,5892024,134.98,109.62,11,2020
Chris,1191284,LUCIAN,7582304,115.88,124.38,11,2020
romain,1360516,DB,2442650,158.92,99.40,11,2020
Matt,3190107,Ignacio,12608269,135.56,148.26,11,2020
Jody,271999,LUCIAN,7582304,111.78,91.92,10,2020
Dajuan,276726,Andreas,1088807,119.86,93.10,10,2020
John,793573,Rochas,2012141,103.38,71.16,10,2020
Ken,827363,Ignacio,12608269,147.42,131.44,10,2020
Chris,1191284,romain,1360516,115.18,151.62,10,2020
Lorenzo,2017413,DB,2442650,128.56,89.52,10,2020
Matt,3190107,Michael,7611079,106.60,171.26,10,2020
Tomas,5892024,Francesco,10808626,93.20,109.62,10,2020
Jody,271999,Chris,1191284,116.60,118.68,9,2020
Dajuan,276726,Ken,827363,122.30,152.28,9,2020
John,793573,Francesco,10808626,139.68,103.32,9,2020
Andreas,1088807,Rochas,2012141,135.26,121.72,9,2020
romain,1360516,Ignacio,12608269,125.04,112.58,9,2020
Lorenzo,2017413,LUCIAN,7582304,127.42,132.10,9,2020
DB,2442650,Michael,7611079,88.98,147.90,9,2020
Matt,3190107,Tomas,5892024,140.84,136.72,9,2020
Jody,271999,Rochas,2012141,122.80,103.12,8,2020
Dajuan,276726,Matt,3190107,121.72,98.12,8,2020
John,793573,Michael,7611079,161.70,112.36,8,2020
Ken,827363,Tomas,5892024,142.04,98.42,8,2020
Andreas,1088807,DB,2442650,128.16,132.58,8,2020
Chris,1191284,romain,1360516,114.72,167.04,8,2020
Lorenzo,2017413,Francesco,10808626,120.58,104.74,8,2020
LUCIAN,7582304,Ignacio,12608269,105.44,80.18,8,2020
Jody,271999,Ignacio,12608269,106.16,131.88,7,2020
Dajuan,276726,LUCIAN,7582304,76.50,158.22,7,2020
John,793573,Tomas,5892024,98.16,115.70,7,2020
Ken,827363,Chris,1191284,98.60,88.72,7,2020
Andreas,1088807,Matt,3190107,149.18,138.36,7,2020
romain,1360516,Francesco,10808626,165.80,121.90,7,2020
Rochas,2012141,Michael,7611079,130.64,95.76,7,2020
Lorenzo,2017413,DB,2442650,122.98,158.98,7,2020
Jody,271999,Matt,3190107,97.82,138.26,6,2020
Dajuan,276726,romain,1360516,104.16,127.90,6,2020
John,793573,Ignacio,12608269,98.52,107.46,6,2020
Ken,827363,Michael,7611079,74.20,116.78,6,2020
Andreas,1088807,Lorenzo,2017413,122.14,113.74,6,2020
Chris,1191284,Francesco,10808626,87.96,150.96,6,2020
Rochas,2012141,LUCIAN,7582304,162.22,81.64,6,2020
DB,2442650,Tomas,5892024,132.94,146.44,6,2020
Jody,271999,Andreas,1088807,87.76,122.64,5,2020
Dajuan,276726,Ignacio,12608269,155.74,120.84,5,2020
John,793573,romain,1360516,126.04,153.34,5,2020
Ken,827363,Rochas,2012141,138.94,137.20,5,2020
Chris,1191284,Michael,7611079,77.28,120.62,5,2020
Lorenzo,2017413,Tomas,5892024,112.36,124.90,5,2020
DB,2442650,LUCIAN,7582304,122.82,117.78,5,2020
Matt,3190107,Francesco,10808626,130.20,115.30,5,2020
Jody,271999,Lorenzo,2017413,83.60,120.20,4,2020
Dajuan,276726,Andreas,1088807,176.02,141.48,4,2020
John,793573,Chris,1191284,130.08,131.88,4,2020
Ken,827363,Ignacio,12608269,135.46,143.74,4,2020
romain,1360516,Rochas,2012141,125.40,163.54,4,2020
DB,2442650,Francesco,10808626,122.38,100.22,4,2020
Matt,3190107,LUCIAN,7582304,114.70,130.30,4,2020
Tomas,5892024,Michael,7611079,158.24,76.82,4,2020
Jody,271999,LUCIAN,7582304,96.94,110.40,3,2020
Dajuan,276726,Michael,7611079,79.78,128.84,3,2020
John,793573,Lorenzo,2017413,133.24,150.34,3,2020
Ken,827363,DB,2442650,150.20,159.92,3,2020
Andreas,1088807,Francesco,10808626,115.24,101.86,3,2020
Chris,1191284,Tomas,5892024,157.32,138.32,3,2020
romain,1360516,Matt,3190107,179.30,117.92,3,2020
Rochas,2012141,Ignacio,12608269,138.22,134.26,3,2020
Jody,271999,Dajuan,276726,134.66,91.76,2,2020
John,793573,Andreas,1088807,102.46,157.10,2,2020
Ken,827363,romain,1360516,113.98,139.38,2,2020
Chris,1191284,Lorenzo,2017413,197.82,102.66,2,2020
Rochas,2012141,DB,2442650,159.88,115.88,2,2020
Matt,3190107,Michael,7611079,138.90,183.50,2,2020
Tomas,5892024,LUCIAN,7582304,94.16,158.42,2,2020
Francesco,10808626,Ignacio,12608269,144.58,166.26,2,2020
Jody,271999,John,793573,121.12,141.70,1,2020
Dajuan,276726,Rochas,2012141,139.80,141.40,1,2020
Ken,827363,Lorenzo,2017413,116.84,98.20,1,2020
Andreas,1088807,LUCIAN,7582304,132.94,122.38,1,2020
Chris,1191284,Ignacio,12608269,148.60,105.42,1,2020
romain,1360516,Tomas,5892024,103.44,144.38,1,2020
DB,2442650,Matt,3190107,125.16,113.60,1,2020
Michael,7611079,Francesco,10808626,168.08,109.38,1,2020
Jody,271999,John,793573,125.26,113.62,16,2019
Dajuan,276726,Francesco,10808626,98.06,134.52,16,2019
Ken,827363,Ignacio,12608269,127.96,143.36,16,2019
Andreas,1088807,DB,2442650,124.90,125.52,16,2019
Chris,1191284,LUCIAN,7582304,143.86,117.64,16,2019
romain,1360516,Michael,7611079,130.34,158.10,16,2019
Rochas,2012141,Matt,3190107,96.16,93.38,16,2019
Lorenzo,2017413,Tomas,5892024,70.42,77.06,16,2019
Jody,271999,romain,1360516,100.14,143.04,15,2019
Dajuan,276726,Ignacio,12608269,152.84,135.46,15,2019
John,793573,Michael,7611079,148.06,188.82,15,2019
Ken,827363,Francesco,10808626,129.84,156.18,15,2019
Andreas,1088807,LUCIAN,7582304,124.18,166.88,15,2019
Chris,1191284,DB,2442650,145.48,142.70,15,2019
Rochas,2012141,Tomas,5892024,83.80,81.22,15,2019
Lorenzo,2017413,Matt,3190107,53.70,69.90,15,2019
Jody,271999,Ignacio,12608269,152.02,123.94,14,2019
Dajuan,276726,romain,1360516,95.70,131.46,14,2019
John,793573,Francesco,10808626,179.36,172.88,14,2019
Ken,827363,Michael,7611079,113.20,171.88,14,2019
Andreas,1088807,Tomas,5892024,120.02,106.84,14,2019
Chris,1191284,Lorenzo,2017413,150.96,104.42,14,2019
Rochas,2012141,LUCIAN,7582304,103.24,125.10,14,2019
DB,2442650,Matt,3190107,115.80,62.46,14,2019
Jody,271999,Ignacio,12608269,130.48,120.50,13,2019
Dajuan,276726,Francesco,10808626,132.20,124.42,13,2019
John,793573,Michael,7611079,141.40,130.74,13,2019
Ken,827363,Lorenzo,2017413,78.68,120.84,13,2019
Andreas,1088807,romain,1360516,129.32,156.82,13,2019
Chris,1191284,Rochas,2012141,74.86,125.86,13,2019
DB,2442650,Tomas,5892024,102.62,143.44,13,2019
Matt,3190107,LUCIAN,7582304,96.16,137.70,13,2019
Jody,271999,Tomas,5892024,150.78,94.70,12,2019
Dajuan,276726,romain,1360516,103.14,94.78,12,2019
John,793573,Matt,3190107,170.82,51.18,12,2019
Ken,827363,Chris,1191284,124.20,96.30,12,2019
Andreas,1088807,DB,2442650,120.74,109.28,12,2019
Rochas,2012141,LUCIAN,7582304,90.12,151.44,12,2019
Lorenzo,2017413,Michael,7611079,77.26,134.72,12,2019
Francesco,10808626,Ignacio,12608269,92.80,178.56,12,2019
Jody,271999,Andreas,1088807,143.16,90.30,11,2019
Dajuan,276726,Chris,1191284,91.52,127.82,11,2019
John,793573,Tomas,5892024,144.06,77.24,11,2019
Ken,827363,DB,2442650,90.22,88.24,11,2019
romain,1360516,Rochas,2012141,171.18,105.96,11,2019
Lorenzo,2017413,LUCIAN,7582304,115.44,176.42,11,2019
Matt,3190107,Francesco,10808626,74.26,126.54,11,2019
Michael,7611079,Ignacio,12608269,145.84,142.18,11,2019
Jody,271999,LUCIAN,7582304,104.50,132.96,10,2019
Dajuan,276726,Andreas,1088807,116.68,152.04,10,2019
John,793573,Rochas,2012141,167.66,102.70,10,2019
Ken,827363,Ignacio,12608269,83.32,147.94,10,2019
Chris,1191284,romain,1360516,111.68,196.78,10,2019
Lorenzo,2017413,DB,2442650,106.22,79.34,10,2019
Matt,3190107,Michael,7611079,85.64,146.54,10,2019
Tomas,5892024,Francesco,10808626,104.28,108.54,10,2019
Jody,271999,Chris,1191284,169.00,109.54,9,2019
Dajuan,276726,Ken,827363,143.16,106.58,9,2019
John,793573,Ignacio,12608269,137.14,117.44,9,2019
Andreas,1088807,Matt,3190107,116.04,78.26,9,2019
romain,1360516,Lorenzo,2017413,161.78,78.36,9,2019
Rochas,2012141,Francesco,10808626,97.80,153.48,9,2019
DB,2442650,LUCIAN,7582304,140.68,97.84,9,2019
Tomas,5892024,Michael,7611079,169.32,159.64,9,2019
Jody,271999,romain,1360516,90.78,148.66,8,2019
Dajuan,276726,Rochas,2012141,108.54,141.18,8,2019
John,793573,Andreas,1088807,129.30,122.18,8,2019
Ken,827363,LUCIAN,7582304,123.96,88.92,8,2019
Chris,1191284,Michael,7611079,144.56,184.16,8,2019
Lorenzo,2017413,Tomas,5892024,157.92,104.58,8,2019
DB,2442650,Francesco,10808626,167.96,165.24,8,2019
Matt,3190107,Ignacio,12608269,105.48,132.42,8,2019
Jody,271999,Francesco,10808626,112.22,159.34,7,2019
Dajuan,276726,Ignacio,12608269,76.04,58.06,7,2019
John,793573,Ken,827363,75.12,118.42,7,2019
Andreas,1088807,Lorenzo,2017413,122.06,139.18,7,2019
Chris,1191284,Tomas,5892024,113.74,115.34,7,2019
romain,1360516,LUCIAN,7582304,189.66,119.08,7,2019
Rochas,2012141,Michael,7611079,91.04,155.22,7,2019
DB,2442650,Matt,3190107,107.78,143.74,7,2019
Jody,271999,DB,2442650,113.92,113.18,6,2019
Dajuan,276726,Tomas,5892024,148.54,126.76,6,2019
John,793573,LUCIAN,7582304,149.70,148.16,6,2019
Ken,827363,Ignacio,12608269,80.12,100.58,6,2019
Andreas,1088807,Michael,7611079,86.60,130.80,6,2019
Chris,1191284,Matt,3190107,119.12,132.48,6,2019
romain,1360516,Francesco,10808626,100.30,131.44,6,2019
Rochas,2012141,Lorenzo,2017413,147.70,122.06,6,2019
Jody,271999,Matt,3190107,170.94,89.74,5,2019
Dajuan,276726,John,793573,137.26,154.32,5,2019
Ken,827363,Tomas,5892024,122.80,107.82,5,2019
Andreas,1088807,Chris,1191284,120.18,178.62,5,2019
romain,1360516,DB,2442650,194.52,67.42,5,2019
Rochas,2012141,Ignacio,12608269,126.38,114.70,5,2019
Lorenzo,2017413,Francesco,10808626,160.20,95.16,5,2019
LUCIAN,7582304,Michael,7611079,136.62,160.54,5,2019
Jody,271999,John,793573,125.90,138.68,4,2019
Dajuan,276726,LUCIAN,7582304,154.80,97.94,4,2019
Ken,827363,Michael,7611079,135.28,105.06,4,2019
Andreas,1088807,Francesco,10808626,143.38,141.48,4,2019
Chris,1191284,DB,2442650,67.14,92.70,4,2019
romain,1360516,Tomas,5892024,111.82,107.10,4,2019
Rochas,2012141,Matt,3190107,90.28,132.56,4,2019
Lorenzo,2017413,Ignacio,12608269,107.94,146.08,4,2019
Jody,271999,Lorenzo,2017413,132.16,117.20,3,2019
Dajuan,276726,Michael,7611079,103.06,148.82,3,2019
John,793573,Chris,1191284,114.52,126.76,3,2019
Ken,827363,Andreas,1088807,149.82,125.74,3,2019
romain,1360516,Matt,3190107,169.44,88.42,3,2019
Rochas,2012141,DB,2442650,126.86,151.34,3,2019
Tomas,5892024,Francesco,10808626,106.44,149.18,3,2019
LUCIAN,7582304,Ignacio,12608269,139.10,143.32,3,2019
Jody,271999,LUCIAN,7582304,116.98,109.90,2,2019
Dajuan,276726,Lorenzo,2017413,134.54,120.18,2,2019
John,793573,Rochas,2012141,148.96,102.10,2,2019
Ken,827363,romain,1360516,116.12,97.16,2,2019
Andreas,1088807,Tomas,5892024,132.90,102.46,2,2019
Chris,1191284,Francesco,10808626,137.92,124.56,2,2019
DB,2442650,Ignacio,12608269,166.40,125.42,2,2019
Matt,3190107,Michael,7611079,100.84,144.86,2,2019
Jody,271999,Rochas,2012141,129.92,105.42,1,2019
Dajuan,276726,DB,2442650,143.56,154.34,1,2019
John,793573,Lorenzo,2017413,129.00,81.32,1,2019
Ken,827363,Matt,3190107,91.76,161.54,1,2019
Andreas,1088807,LUCIAN,7582304,102.52,147.94,1,2019
Chris,1191284,romain,1360516,133.60,191.90,1,2019
Tomas,5892024,Ignacio,12608269,128.74,161.32,1,2019
Michael,7611079,Francesco,10808626,129.88,137.46,1,2019
Jody,271999,LUCIAN,7582304,119.74,144.44,16,2018
Dajuan,276726,Tomas,5892024,130.30,138.70,16,2018
Waso,378644,romain,1360516,149.70,146.18,16,2018
John,793573,Francesco,10808626,173.44,136.86,16,2018
Ken,827363,Ignacio,12608269,86.96,110.76,16,2018
Andreas,1088807,Michael,7611079,111.50,113.32,16,2018
Chris,1191284,Matt,3190107,120.16,90.64,16,2018
Rochas,2012141,Lorenzo,2017413,94.12,144.58,16,2018
Jody,271999,Chris,1191284,104.68,103.48,15,2018
Dajuan,276726,Waso,378644,169.02,122.46,15,2018
John,793573,Lorenzo,2017413,141.50,107.96,15,2018
Ken,827363,Andreas,1088807,80.04,90.60,15,2018
romain,1360516,Tomas,5892024,79.94,134.64,15,2018
Rochas,2012141,Francesco,10808626,76.90,107.98,15,2018
Matt,3190107,LUCIAN,7582304,76.62,186.54,15,2018
Michael,7611079,Ignacio,12608269,125.56,81.68,15,2018
Jody,271999,John,793573,73.16,110.88,14,2018
Dajuan,276726,Andreas,1088807,102.24,117.90,14,2018
Waso,378644,Ken,827363,137.94,146.12,14,2018
Chris,1191284,Lorenzo,2017413,123.96,132.92,14,2018
romain,1360516,Michael,7611079,131.68,145.28,14,2018
Rochas,2012141,Matt,3190107,166.82,95.38,14,2018
Tomas,5892024,Ignacio,12608269,90.58,118.78,14,2018
LUCIAN,7582304,Francesco,10808626,79.42,113.20,14,2018
Jody,271999,Ignacio,12608269,106.90,129.06,13,2018
Dajuan,276726,Ken,827363,139.66,148.40,13,2018
Waso,378644,John,793573,133.54,125.38,13,2018
Andreas,1088807,Matt,3190107,92.04,100.58,13,2018
Chris,1191284,Rochas,2012141,95.32,101.16,13,2018
romain,1360516,Lorenzo,2017413,106.26,131.42,13,2018
Tomas,5892024,Francesco,10808626,115.50,111.08,13,2018
LUCIAN,7582304,Michael,7611079,100.70,125.20,13,2018
Jody,271999,Tomas,5892024,123.90,135.16,12,2018
Dajuan,276726,Lorenzo,2017413,137.18,122.74,12,2018
Waso,378644,Matt,3190107,112.14,104.88,12,2018
John,793573,Chris,1191284,105.68,106.92,12,2018
Ken,827363,romain,1360516,137.28,178.26,12,2018
Andreas,1088807,Michael,7611079,136.78,164.48,12,2018
Rochas,2012141,LUCIAN,7582304,145.08,87.06,12,2018
Francesco,10808626,Ignacio,12608269,102.06,130.68,12,2018
Jody,271999,LUCIAN,7582304,87.78,87.72,11,2018
Dajuan,276726,Rochas,2012141,152.42,141.70,11,2018
Waso,378644,Ignacio,12608269,125.14,164.34,11,2018
John,793573,romain,1360516,90.54,177.98,11,2018
Ken,827363,Tomas,5892024,160.20,135.60,11,2018
Andreas,1088807,Lorenzo,2017413,145.54,121.38,11,2018
Chris,1191284,Matt,3190107,85.54,100.24,11,2018
Michael,7611079,Francesco,10808626,173.80,111.10,11,2018
Jody,271999,LUCIAN,7582304,132.14,78.14,10,2018
Dajuan,276726,Waso,378644,123.20,154.40,10,2018
John,793573,Rochas,2012141,156.66,70.66,10,2018
Ken,827363,Ignacio,12608269,128.32,167.04,10,2018
Andreas,1088807,Francesco,10808626,173.42,110.44,10,2018
Chris,1191284,romain,1360516,156.62,128.34,10,2018
Lorenzo,2017413,Tomas,5892024,149.46,122.80,10,2018
Matt,3190107,Michael,7611079,77.78,117.18,10,2018
Jody,271999,romain,1360516,147.24,116.42,9,2018
Dajuan,276726,Matt,3190107,151.74,98.06,9,2018
Waso,378644,Andreas,1088807,125.12,106.90,9,2018
John,793573,Ignacio,12608269,88.96,152.46,9,2018
Ken,827363,Michael,7611079,128.08,126.06,9,2018
Chris,1191284,Francesco,10808626,72.90,129.24,9,2018
Rochas,2012141,Lorenzo,2017413,123.34,134.16,9,2018
Tomas,5892024,LUCIAN,7582304,110.10,144.70,9,2018
Jody,271999,Waso,378644,146.42,114.64,8,2018
Dajuan,276726,Chris,1191284,172.92,141.70,8,2018
John,793573,Rochas,2012141,124.34,93.86,8,2018
Ken,827363,Matt,3190107,129.92,113.60,8,2018
Andreas,1088807,LUCIAN,7582304,120.68,146.56,8,2018
romain,1360516,Michael,7611079,96.90,147.34,8,2018
Lorenzo,2017413,Francesco,10808626,109.36,145.92,8,2018
Tomas,5892024,Ignacio,12608269,94.26,155.94,8,2018
Jody,271999,Ken,827363,109.84,119.42,7,2018
Dajuan,276726,Ignacio,12608269,179.66,121.76,7,2018
Waso,378644,Rochas,2012141,113.60,102.08,7,2018
John,793573,Michael,7611079,84.20,90.00,7,2018
Andreas,1088807,romain,1360516,132.48,159.62,7,2018
Chris,1191284,Lorenzo,2017413,150.26,127.82,7,2018
Matt,3190107,Tomas,5892024,103.46,109.26,7,2018
LUCIAN,7582304,Francesco,10808626,118.44,173.12,7,2018
Jody,271999,Chris,1191284,144.72,157.84,6,2018
Dajuan,276726,Tomas,5892024,157.98,149.20,6,2018
Waso,378644,Michael,7611079,161.20,99.50,6,2018
John,793573,Lorenzo,2017413,101.06,107.14,6,2018
Ken,827363,Andreas,1088807,92.40,146.16,6,2018
romain,1360516,LUCIAN,7582304,184.62,133.74,6,2018
Rochas,2012141,Francesco,10808626,149.62,113.56,6,2018
Matt,3190107,Ignacio,12608269,69.18,137.74,6,2018
Jody,271999,Lorenzo,2017413,148.68,130.72,5,2018
Dajuan,276726,Waso,378644,139.82,89.90,5,2018
John,793573,Francesco,10808626,127.82,97.80,5,2018
Ken,827363,LUCIAN,7582304,122.18,148.22,5,2018
Andreas,1088807,Chris,1191284,154.48,146.36,5,2018
romain,1360516,Ignacio,12608269,127.00,76.84,5,2018
Rochas,2012141,Tomas,5892024,131.66,177.76,5,2018
Matt,3190107,Michael,7611079,84.12,166.18,5,2018
Jody,271999,Michael,7611079,92.50,121.92,4,2018
Dajuan,276726,John,793573,145.16,139.58,4,2018
Waso,378644,LUCIAN,7582304,190.10,152.86,4,2018
Ken,827363,Francesco,10808626,134.48,105.52,4,2018
Andreas,1088807,Rochas,2012141,180.04,166.68,4,2018
Chris,1191284,Ignacio,12608269,97.94,164.90,4,2018
romain,1360516,Matt,3190107,155.06,173.28,4,2018
Lorenzo,2017413,Tomas,5892024,96.06,144.96,4,2018
Jody,271999,Francesco,10808626,97.74,151.04,3,2018
Dajuan,276726,Andreas,1088807,170.96,156.52,3,2018
Waso,378644,romain,1360516,130.04,121.28,3,2018
John,793573,Matt,3190107,115.98,157.32,3,2018
Ken,827363,Rochas,2012141,133.56,126.28,3,2018
Chris,1191284,LUCIAN,7582304,128.32,98.78,3,2018
Lorenzo,2017413,Ignacio,12608269,134.34,128.42,3,2018
Tomas,5892024,Michael,7611079,160.58,135.00,3,2018
Jody,271999,John,793573,128.14,118.02,2,2018
Dajuan,276726,LUCIAN,7582304,186.74,160.38,2,2018
Waso,378644,Francesco,10808626,118.06,102.92,2,2018
Ken,827363,Ignacio,12608269,185.40,125.98,2,2018
Andreas,1088807,Tomas,5892024,159.88,114.80,2,2018
Chris,1191284,romain,1360516,87.26,171.18,2,2018
Rochas,2012141,Michael,7611079,114.20,163.54,2,2018
Lorenzo,2017413,Matt,3190107,128.84,135.08,2,2018
Jody,271999,Dajuan,276726,157.86,184.84,1,2018
Waso,378644,Ken,827363,96.10,107.90,1,2018
John,793573,LUCIAN,7582304,101.92,136.30,1,2018
Andreas,1088807,Ignacio,12608269,160.10,165.02,1,2018
Chris,1191284,Tomas,5892024,129.64,137.94,1,2018
romain,1360516,Francesco,10808626,135.90,137.26,1,2018
Rochas,2012141,Matt,3190107,133.52,152.44,1,2018
Lorenzo,2017413,Michael,7611079,95.38,107.44,1,2018
Jody,271999,Tomas,5892024,87.66,132.92,16,2017
Dajuan,276726,DB,2442650,133.82,115.12,16,2017
John,793573,Lorenzo,2017413,101.86,86.46,16,2017
Ken,827363,Ignacio,12608269,113.04,191.82,16,2017
Andreas,1088807,Charlie,2466210,101.88,94.08,16,2017
romain,1360516,Michael,7611079,131.36,110.96,16,2017
Rochas,2012141,Matt,3190107,71.46,80.62,16,2017
Justin,3237775,LUCIAN,7582304,109.76,96.16,16,2017
Jody,271999,LUCIAN,7582304,117.28,113.50,15,2017
Dajuan,276726,Andreas,1088807,131.10,92.60,15,2017
John,793573,Ignacio,12608269,132.72,171.30,15,2017
Ken,827363,Lorenzo,2017413,172.48,106.20,15,2017
romain,1360516,Rochas,2012141,128.64,128.08,15,2017
DB,2442650,Charlie,2466210,134.54,73.22,15,2017
Matt,3190107,Michael,7611079,87.68,131.18,15,2017
Justin,3237775,Tomas,5892024,89.84,120.50,15,2017
Jody,271999,Ken,827363,94.98,132.04,14,2017
Dajuan,276726,Matt,3190107,131.98,134.14,14,2017
John,793573,Tomas,5892024,139.82,107.06,14,2017
Andreas,1088807,Michael,7611079,123.32,139.30,14,2017
romain,1360516,DB,2442650,110.84,108.40,14,2017
Rochas,2012141,Charlie,2466210,125.94,97.98,14,2017
Lorenzo,2017413,LUCIAN,7582304,131.66,114.84,14,2017
Justin,3237775,Ignacio,12608269,128.24,135.62,14,2017
Jody,271999,Ken,827363,115.44,154.76,13,2017
Dajuan,276726,Matt,3190107,136.06,143.48,13,2017
John,793573,Ignacio,12608269,129.32,108.10,13,2017
Andreas,1088807,Tomas,5892024,70.66,151.30,13,2017
romain,1360516,Lorenzo,2017413,114.10,122.28,13,2017
Rochas,2012141,Michael,7611079,100.36,138.50,13,2017
DB,2442650,LUCIAN,7582304,139.78,103.84,13,2017
Charlie,2466210,Justin,3237775,97.72,109.46,13,2017
Jody,271999,Tomas,5892024,153.32,151.00,12,2017
Dajuan,276726,romain,1360516,117.78,101.72,12,2017
John,793573,Lorenzo,2017413,101.58,148.44,12,2017
Ken,827363,Andreas,1088807,130.08,104.50,12,2017
Rochas,2012141,Ignacio,12608269,113.86,137.56,12,2017
DB,2442650,Charlie,2466210,110.72,120.12,12,2017
Matt,3190107,Michael,7611079,135.72,126.14,12,2017
Justin,3237775,LUCIAN,7582304,115.14,112.80,12,2017
Jody,271999,John,793573,127.88,156.20,11,2017
Dajuan,276726,Charlie,2466210,83.48,100.80,11,2017
Ken,827363,Justin,3237775,139.84,166.90,11,2017
Andreas,1088807,Lorenzo,2017413,64.36,143.52,11,2017
romain,1360516,Matt,3190107,95.96,128.62,11,2017
Rochas,2012141,Tomas,5892024,98.82,126.86,11,2017
DB,2442650,Michael,7611079,119.00,130.46,11,2017
LUCIAN,7582304,Ignacio,12608269,103.38,146.54,11,2017
Jody,271999,LUCIAN,7582304,101.28,167.88,10,2017
Dajuan,276726,Charlie,2466210,96.52,91.16,10,2017
John,793573,Rochas,2012141,109.44,91.74,10,2017
Ken,827363,Ignacio,12608269,156.26,109.20,10,2017
Andreas,1088807,DB,2442650,115.06,109.78,10,2017
romain,1360516,Justin,3237775,138.06,98.16,10,2017
Lorenzo,2017413,Tomas,5892024,110.56,126.00,10,2017
Matt,3190107,Michael,7611079,129.12,121.60,10,2017
Jody,271999,Matt,3190107,128.70,146.48,9,2017
Dajuan,276726,DB,2442650,121.70,115.64,9,2017
John,793573,LUCIAN,7582304,75.44,105.20,9,2017
Ken,827363,Michael,7611079,106.12,103.34,9,2017
Andreas,1088807,romain,1360516,66.18,99.14,9,2017
Rochas,2012141,Justin,3237775,90.80,96.92,9,2017
Lorenzo,2017413,Charlie,2466210,117.32,99.02,9,2017
Tomas,5892024,Ignacio,12608269,159.58,99.44,9,2017
Jody,271999,Dajuan,276726,121.80,118.84,8,2017
John,793573,Ken,827363,81.52,131.30,8,2017
Andreas,1088807,DB,2442650,85.14,135.40,8,2017
romain,1360516,Justin,3237775,86.42,120.30,8,2017
Rochas,2012141,LUCIAN,7582304,76.46,125.42,8,2017
Lorenzo,2017413,Matt,3190107,104.68,100.18,8,2017
Charlie,2466210,Tomas,5892024,173.56,142.38,8,2017
Michael,7611079,Ignacio,12608269,109.34,111.68,8,2017
Jody,271999,LUCIAN,7582304,154.98,151.68,7,2017
Dajuan,276726,Michael,7611079,66.80,131.36,7,2017
John,793573,DB,2442650,127.66,81.82,7,2017
Ken,827363,Matt,3190107,120.46,115.96,7,2017
Andreas,1088807,Charlie,2466210,90.18,109.54,7,2017
romain,1360516,Ignacio,12608269,126.88,141.48,7,2017
Rochas,2012141,Lorenzo,2017413,128.30,119.78,7,2017
Justin,3237775,Tomas,5892024,101.14,113.60,7,2017
Jody,271999,romain,1360516,113.48,134.98,6,2017
Dajuan,276726,Rochas,2012141,137.08,87.38,6,2017
John,793573,Tomas,5892024,124.58,134.30,6,2017
Ken,827363,Lorenzo,2017413,132.64,102.12,6,2017
Andreas,1088807,Ignacio,12608269,73.54,80.86,6,2017
DB,2442650,Justin,3237775,82.34,107.74,6,2017
Charlie,2466210,Matt,3190107,119.06,108.64,6,2017
LUCIAN,7582304,Michael,7611079,179.92,153.36,6,2017
Jody,271999,Ignacio,12608269,132.42,102.82,5,2017
Dajuan,276726,Justin,3237775,97.80,92.66,5,2017
John,793573,Charlie,2466210,121.12,131.98,5,2017
Ken,827363,DB,2442650,113.52,113.16,5,2017
Andreas,1088807,LUCIAN,7582304,97.86,83.34,5,2017
romain,1360516,Tomas,5892024,86.22,154.88,5,2017
Rochas,2012141,Matt,3190107,129.54,102.72,5,2017
Lorenzo,2017413,Michael,7611079,127.34,119.28,5,2017
Jody,271999,DB,2442650,85.94,103.18,4,2017
Dajuan,276726,LUCIAN,7582304,117.98,134.78,4,2017
John,793573,romain,1360516,141.28,148.44,4,2017
Ken,827363,Ignacio,12608269,179.18,145.18,4,2017
Andreas,1088807,Matt,3190107,129.88,106.70,4,2017
Rochas,2012141,Charlie,2466210,128.06,108.54,4,2017
Lorenzo,2017413,Tomas,5892024,101.86,152.34,4,2017
Justin,3237775,Michael,7611079,144.92,109.80,4,2017
Jody,271999,Rochas,2012141,72.68,115.78,3,2017
Dajuan,276726,Ken,827363,125.40,91.88,3,2017
John,793573,Andreas,1088807,135.72,147.52,3,2017
romain,1360516,Michael,7611079,153.06,100.58,3,2017
Lorenzo,2017413,Justin,3237775,102.42,116.00,3,2017
DB,2442650,Tomas,5892024,131.58,136.68,3,2017
Charlie,2466210,Ignacio,12608269,107.76,134.00,3,2017
Matt,3190107,LUCIAN,7582304,151.62,172.54,3,2017
Jody,271999,Lorenzo,2017413,137.38,98.12,2,2017
Dajuan,276726,Andreas,1088807,125.68,149.10,2,2017
John,793573,Rochas,2012141,141.98,109.82,2,2017
Ken,827363,Tomas,5892024,122.82,90.78,2,2017
romain,1360516,LUCIAN,7582304,65.08,105.46,2,2017
DB,2442650,Matt,3190107,134.94,92.06,2,2017
Charlie,2466210,Michael,7611079,122.40,150.62,2,2017
Justin,3237775,Ignacio,12608269,109.84,170.86,2,2017
Jody,271999,Andreas,1088807,99.64,105.02,1,2017
Dajuan,276726,Lorenzo,2017413,84.38,102.14,1,2017
John,793573,Michael,7611079,109.78,92.02,1,2017
Ken,827363,Rochas,2012141,102.54,92.82,1,2017
romain,1360516,Charlie,2466210,171.68,97.92,1,2017
DB,2442650,Ignacio,12608269,123.86,123.12,1,2017
Matt,3190107,Justin,3237775,82.02,111.54,1,2017
Tomas,5892024,LUCIAN,7582304,124.66,107.60,1,2017
Jody,271999,Justin,3237775,120.06,173.42,16,2016
Dajuan,276726,Rochas,2012141,120.36,144.54,16,2016
John,793573,Lorenzo,2017413,139.52,81.26,16,2016
Ken,827363,Andreas,1088807,81.12,143.94,16,2016
romain,1360516,DB,2442650,174.34,175.52,16,2016
Charlie,2466210,Tomas,5892024,114.14,104.28,16,2016
Matt,3190107,Ignacio,12608269,104.54,121.26,16,2016
LUCIAN,7582304,Michael,7611079,136.46,65.58,16,2016
Jody,271999,Rochas,2012141,108.30,115.82,15,2016
Dajuan,276726,Justin,3237775,129.72,123.00,15,2016
John,793573,romain,1360516,87.18,145.98,15,2016
Ken,827363,Tomas,5892024,105.20,88.12,15,2016
Andreas,1088807,Charlie,2466210,183.96,82.94,15,2016
Lorenzo,2017413,DB,2442650,115.96,176.74,15,2016
Matt,3190107,LUCIAN,7582304,147.90,111.28,15,2016
Michael,7611079,Ignacio,12608269,62.38,132.08,15,2016
Jody,271999,Lorenzo,2017413,117.12,112.28,14,2016
Dajuan,276726,John,793573,175.34,119.16,14,2016
Ken,827363,Matt,3190107,116.30,101.56,14,2016
Andreas,1088807,Ignacio,12608269,107.34,82.46,14,2016
romain,1360516,Justin,3237775,118.94,126.24,14,2016
Rochas,2012141,DB,2442650,121.66,105.68,14,2016
Charlie,2466210,Michael,7611079,89.02,50.72,14,2016
Tomas,5892024,LUCIAN,7582304,131.24,89.96,14,2016
Jody,271999,Charlie,2466210,115.12,82.10,13,2016
Dajuan,276726,Ken,827363,130.30,59.74,13,2016
John,793573,Lorenzo,2017413,94.04,104.68,13,2016
Andreas,1088807,Justin,3237775,104.30,141.62,13,2016
romain,1360516,Tomas,5892024,128.36,117.16,13,2016
Rochas,2012141,LUCIAN,7582304,171.12,129.76,13,2016
DB,2442650,Michael,7611079,117.46,73.66,13,2016
Matt,3190107,Ignacio,12608269,103.94,126.22,13,2016
Jody,271999,Michael,7611079,123.98,102.32,12,2016
Dajuan,276726,Justin,3237775,173.62,172.98,12,2016
John,793573,Charlie,2466210,107.78,100.82,12,2016
Ken,827363,Tomas,5892024,93.44,166.64,12,2016
Andreas,1088807,Matt,3190107,164.56,126.10,12,2016
romain,1360516,Rochas,2012141,137.12,127.90,12,2016
Lorenzo,2017413,LUCIAN,7582304,130.10,60.36,12,2016
DB,2442650,Ignacio,12608269,101.58,150.76,12,2016
Jody,271999,Justin,3237775,123.32,92.82,11,2016
Dajuan,276726,Lorenzo,2017413,149.38,114.82,11,2016
John,793573,Matt,3190107,117.18,124.48,11,2016
Ken,827363,romain,1360516,78.88,185.52,11,2016
Andreas,1088807,Charlie,2466210,138.78,146.08,11,2016
Rochas,2012141,Ignacio,12608269,139.78,95.56,11,2016
DB,2442650,Tomas,5892024,94.20,90.04,11,2016
LUCIAN,7582304,Michael,7611079,83.34,106.10,11,2016
Jody,271999,LUCIAN,7582304,127.64,113.44,10,2016
Dajuan,276726,Charlie,2466210,151.76,126.60,10,2016
John,793573,Rochas,2012141,103.24,121.12,10,2016
Ken,827363,Ignacio,12608269,143.10,130.44,10,2016
Andreas,1088807,DB,2442650,92.96,114.14,10,2016
romain,1360516,Justin,3237775,164.52,134.90,10,2016
Lorenzo,2017413,Tomas,5892024,156.82,96.94,10,2016
Matt,3190107,Michael,7611079,98.36,111.56,10,2016
Jody,271999,DB,2442650,119.16,136.32,9,2016
Dajuan,276726,Michael,7611079,108.10,102.48,9,2016
John,793573,Ken,827363,133.74,130.30,9,2016
Andreas,1088807,Tomas,5892024,145.42,96.12,9,2016
romain,1360516,LUCIAN,7582304,64.92,132.60,9,2016
Rochas,2012141,Lorenzo,2017413,121.06,148.00,9,2016
Charlie,2466210,Ignacio,12608269,106.58,146.52,9,2016
Matt,3190107,Justin,3237775,87.06,147.48,9,2016
Jody,271999,LUCIAN,7582304,154.30,48.94,8,2016
Dajuan,276726,Matt,3190107,165.64,101.32,8,2016
John,793573,Tomas,5892024,110.06,85.96,8,2016
Ken,827363,Ignacio,12608269,98.40,90.32,8,2016
Andreas,1088807,romain,1360516,81.62,164.64,8,2016
Rochas,2012141,Justin,3237775,149.96,100.56,8,2016
Lorenzo,2017413,DB,2442650,149.24,176.36,8,2016
Charlie,2466210,Michael,7611079,113.98,152.14,8,2016
Jody,271999,Ignacio,12608269,179.14,121.72,7,2016
Dajuan,276726,Andreas,1088807,179.76,136.36,7,2016
John,793573,romain,1360516,87.26,92.78,7,2016
Ken,827363,DB,2442650,130.56,137.20,7,2016
Rochas,2012141,Tomas,5892024,160.70,85.66,7,2016
Lorenzo,2017413,Charlie,2466210,133.42,97.84,7,2016
Matt,3190107,LUCIAN,7582304,85.86,90.84,7,2016
Justin,3237775,Michael,7611079,100.42,133.34,7,2016
Jody,271999,Ken,827363,141.10,110.48,6,2016
Dajuan,276726,John,793573,124.18,125.44,6,2016
Andreas,1088807,Rochas,2012141,124.72,108.70,6,2016
romain,1360516,Justin,3237775,128.90,129.22,6,2016
Lorenzo,2017413,Michael,7611079,143.44,105.98,6,2016
DB,2442650,Matt,3190107,204.98,116.30,6,2016
Charlie,2466210,LUCIAN,7582304,110.18,117.18,6,2016
Tomas,5892024,Ignacio,12608269,109.62,80.78,6,2016
Jody,271999,Lorenzo,2017413,154.82,145.82,5,2016
Dajuan,276726,DB,2442650,122.90,124.94,5,2016
John,793573,Michael,7611079,138.18,91.76,5,2016
Ken,827363,LUCIAN,7582304,98.22,116.10,5,2016
Andreas,1088807,Ignacio,12608269,95.26,155.50,5,2016
romain,1360516,Matt,3190107,115.08,129.36,5,2016
Rochas,2012141,Charlie,2466210,186.82,80.76,5,2016
Justin,3237775,Tomas,5892024,119.22,108.26,5,2016
Jody,271999,Andreas,1088807,136.60,119.42,4,2016
Dajuan,276726,Ignacio,12608269,155.80,117.22,4,2016
John,793573,Justin,3237775,140.64,104.68,4,2016
Ken,827363,Michael,7611079,133.20,121.36,4,2016
romain,1360516,Charlie,2466210,128.32,120.12,4,2016
Rochas,2012141,Matt,3190107,148.62,88.20,4,2016
Lorenzo,2017413,Tomas,5892024,109.68,112.82,4,2016
DB,2442650,LUCIAN,7582304,90.94,109.98,4,2016
Jody,271999,Matt,3190107,173.78,93.90,3,2016
Dajuan,276726,Tomas,5892024,135.82,130.80,3,2016
John,793573,LUCIAN,7582304,155.06,96.74,3,2016
Ken,827363,Andreas,1088807,115.88,95.82,3,2016
romain,1360516,Lorenzo,2017413,166.86,88.48,3,2016
Rochas,2012141,Michael,7611079,117.66,127.86,3,2016
DB,2442650,Charlie,2466210,109.10,114.68,3,2016
Justin,3237775,Ignacio,12608269,168.20,156.38,3,2016
Jody,271999,romain,1360516,199.44,123.70,2,2016
Dajuan,276726,LUCIAN,7582304,154.14,86.86,2,2016
John,793573,Rochas,2012141,127.96,161.24,2,2016
Ken,827363,Matt,3190107,153.72,104.38,2,2016
Andreas,1088807,DB,2442650,55.72,148.20,2,2016
Lorenzo,2017413,Justin,3237775,101.26,127.38,2,2016
Charlie,2466210,Tomas,5892024,112.52,116.90,2,2016
Michael,7611079,Ignacio,12608269,131.82,112.86,2,2016
Jody,271999,Tomas,5892024,118.18,124.02,1,2016
Dajuan,276726,Rochas,2012141,125.12,161.98,1,2016
John,793573,DB,2442650,116.74,122.44,1,2016
Ken,827363,Lorenzo,2017413,169.06,105.62,1,2016
Andreas,1088807,Michael,7611079,132.24,142.76,1,2016
romain,1360516,Ignacio,12608269,133.78,103.30,1,2016
Charlie,2466210,Matt,3190107,165.42,91.08,1,2016
Justin,3237775,LUCIAN,7582304,138.70,118.52,1,2016
Jody,271999,Ali,10711726,118.48,73.44,16,2015
Dajuan,276726,DB,2442650,122.70,122.70,16,2015
Waso,378644,Gary,3733263,141.90,120.90,16,2015
John,793573,Andreas,1088807,102.58,116.84,16,2015
romain,1360516,Justin,3237775,151.70,95.92,16,2015
Rochas,2012141,Charlie,2466210,122.24,65.58,16,2015
Lorenzo,2017413,Tomas,5892024,206.20,136.90,16,2015
Matt,3190107,gary,8002208,145.78,78.30,16,2015
Jody,271999,Charlie,2466210,112.94,96.56,15,2015
Dajuan,276726,romain,1360516,98.98,149.44,15,2015
Waso,378644,Matt,3190107,144.30,115.54,15,2015
John,793573,Lorenzo,2017413,132.88,150.74,15,2015
Andreas,1088807,Tomas,5892024,160.84,163.74,15,2015
Rochas,2012141,Ali,10711726,114.46,143.94,15,2015
DB,2442650,Justin,3237775,112.42,154.84,15,2015
Gary,3733263,gary,8002208,142.40,136.42,15,2015
Jody,271999,Waso,378644,105.50,99.36,14,2015
Dajuan,276726,Tomas,5892024,127.78,117.74,14,2015
John,793573,DB,2442650,105.60,130.44,14,2015
Andreas,1088807,romain,1360516,116.18,130.28,14,2015
Rochas,2012141,gary,8002208,128.60,103.58,14,2015
Lorenzo,2017413,Justin,3237775,148.12,208.92,14,2015
Charlie,2466210,Matt,3190107,135.00,108.06,14,2015
Gary,3733263,Ali,10711726,102.48,119.44,14,2015
Jody,271999,John,793573,100.18,148.42,13,2015
Dajuan,276726,Justin,3237775,118.84,128.18,13,2015
Waso,378644,Gary,3733263,113.50,131.56,13,2015
Andreas,1088807,Ali,10711726,71.28,148.68,13,2015
romain,1360516,gary,8002208,158.36,163.94,13,2015
Rochas,2012141,Matt,3190107,107.80,164.66,13,2015
Lorenzo,2017413,DB,2442650,153.84,102.88,13,2015
Charlie,2466210,Tomas,5892024,131.46,132.68,13,2015
Jody,271999,Matt,3190107,139.50,104.32,12,2015
Dajuan,276726,John,793573,128.16,81.60,12,2015
Waso,378644,Rochas,2012141,157.84,127.90,12,2015
Andreas,1088807,Charlie,2466210,136.84,116.14,12,2015
romain,1360516,Tomas,5892024,140.30,132.90,12,2015
Lorenzo,2017413,Justin,3237775,139.50,135.92,12,2015
DB,2442650,Gary,3733263,201.46,109.24,12,2015
gary,8002208,Ali,10711726,123.74,82.88,12,2015
Jody,271999,Andreas,1088807,114.96,134.60,11,2015
Dajuan,276726,Tomas,5892024,147.82,114.64,11,2015
Waso,378644,DB,2442650,74.78,68.16,11,2015
John,793573,Ali,10711726,134.24,74.80,11,2015
romain,1360516,Rochas,2012141,142.10,113.98,11,2015
Lorenzo,2017413,Gary,3733263,124.20,96.94,11,2015
Charlie,2466210,Justin,3237775,86.20,138.18,11,2015
Matt,3190107,gary,8002208,77.38,64.68,11,2015
Jody,271999,romain,1360516,119.74,58.18,10,2015
Dajuan,276726,Ali,10711726,119.70,99.94,10,2015
Waso,378644,Justin,3237775,70.16,137.92,10,2015
John,793573,Matt,3190107,136.00,117.12,10,2015
Andreas,1088807,DB,2442650,154.08,104.10,10,2015
Rochas,2012141,Charlie,2466210,90.18,115.42,10,2015
Lorenzo,2017413,Tomas,5892024,103.02,152.88,10,2015
Gary,3733263,gary,8002208,110.20,94.66,10,2015
Jody,271999,gary,8002208,112.00,135.62,9,2015
Dajuan,276726,Ali,10711726,134.88,66.82,9,2015
Waso,378644,Charlie,2466210,88.66,77.96,9,2015
John,793573,Rochas,2012141,78.12,101.86,9,2015
Andreas,1088807,Lorenzo,2017413,170.68,137.50,9,2015
romain,1360516,DB,2442650,98.26,138.16,9,2015
Matt,3190107,Gary,3733263,114.44,146.96,9,2015
Justin,3237775,Tomas,5892024,149.16,192.64,9,2015
Jody,271999,Dajuan,276726,145.84,164.66,8,2015
Waso,378644,romain,1360516,103.46,123.80,8,2015
John,793573,Matt,3190107,124.34,130.50,8,2015
Andreas,1088807,Rochas,2012141,129.58,124.28,8,2015
Lorenzo,2017413,Charlie,2466210,152.28,109.46,8,2015
DB,2442650,Ali,10711726,139.98,117.28,8,2015
Justin,3237775,Gary,3733263,162.22,92.38,8,2015
Tomas,5892024,gary,8002208,125.10,63.10,8,2015
Jody,271999,Lorenzo,2017413,137.02,178.12,7,2015
Dajuan,276726,Charlie,2466210,137.58,69.70,7,2015
Waso,378644,gary,8002208,69.28,66.92,7,2015
John,793573,DB,2442650,110.32,91.14,7,2015
Andreas,1088807,Matt,3190107,146.40,74.04,7,2015
romain,1360516,Justin,3237775,97.60,130.68,7,2015
Rochas,2012141,Gary,3733263,113.44,112.52,7,2015
Tomas,5892024,Ali,10711726,198.38,148.58,7,2015
Jody,271999,Ali,10711726,208.58,127.66,6,2015
Dajuan,276726,romain,1360516,133.12,169.44,6,2015
Waso,378644,Andreas,1088807,120.86,126.96,6,2015
John,793573,Tomas,5892024,145.58,80.94,6,2015
Rochas,2012141,gary,8002208,120.60,129.22,6,2015
Lorenzo,2017413,Matt,3190107,138.68,157.08,6,2015
DB,2442650,Justin,3237775,119.20,87.16,6,2015
Charlie,2466210,Gary,3733263,97.56,102.44,6,2015
Jody,271999,Charlie,2466210,137.82,98.02,5,2015
Dajuan,276726,Lorenzo,2017413,68.74,88.62,5,2015
Waso,378644,John,793573,102.70,149.72,5,2015
Andreas,1088807,romain,1360516,131.66,164.52,5,2015
Rochas,2012141,Justin,3237775,89.26,164.08,5,2015
DB,2442650,gary,8002208,121.98,55.02,5,2015
Matt,3190107,Tomas,5892024,129.70,150.44,5,2015
Gary,3733263,Ali,10711726,132.04,113.50,5,2015
Jody,271999,Rochas,2012141,131.26,108.22,4,2015
Dajuan,276726,DB,2442650,135.88,120.32,4,2015
Waso,378644,Justin,3237775,131.90,166.66,4,2015
John,793573,gary,8002208,75.46,77.32,4,2015
Andreas,1088807,Gary,3733263,106.80,115.64,4,2015
romain,1360516,Ali,10711726,125.80,124.80,4,2015
Lorenzo,2017413,Tomas,5892024,103.22,111.70,4,2015
Charlie,2466210,Matt,3190107,148.20,64.70,4,2015
Jody,271999,Waso,378644,136.02,140.00,3,2015
Dajuan,276726,Andreas,1088807,133.90,193.00,3,2015
John,793573,Charlie,2466210,139.14,147.58,3,2015
romain,1360516,Matt,3190107,113.78,137.38,3,2015
Rochas,2012141,Lorenzo,2017413,105.58,167.70,3,2015
DB,2442650,Tomas,5892024,151.00,135.94,3,2015
Justin,3237775,Ali,10711726,136.18,141.74,3,2015
Gary,3733263,gary,8002208,111.18,99.06,3,2015
Jody,271999,romain,1360516,126.08,142.80,2,2015
Dajuan,276726,Gary,3733263,125.30,106.96,2,2015
Waso,378644,Ali,10711726,100.86,129.02,2,2015
John,793573,Andreas,1088807,146.14,131.72,2,2015
Rochas,2012141,Tomas,5892024,136.64,108.70,2,2015
Lorenzo,2017413,gary,8002208,96.20,136.74,2,2015
DB,2442650,Charlie,2466210,143.78,111.76,2,2015
Matt,3190107,Justin,3237775,138.00,137.70,2,2015
Jody,271999,Tomas,5892024,133.62,92.84,1,2015
Dajuan,276726,Rochas,2012141,210.18,129.14,1,2015
Waso,378644,Matt,3190107,129.74,147.80,1,2015
John,793573,Justin,3237775,129.44,84.80,1,2015
Andreas,1088807,DB,2442650,97.72,128.38,1,2015
romain,1360516,Gary,3733263,170.00,124.18,1,2015
Lorenzo,2017413,Ali,10711726,111.56,109.92,1,2015
Charlie,2466210,gary,8002208,88.56,132.06,1,2015
Justin,142235,romain,1360516,96.08,152.26,16,2014
Jody,271999,Andreas,1088807,118.26,129.24,16,2014
Dajuan,276726,Rochas,2012141,171.94,137.16,16,2014
Waso,378644,Justin,3237775,120.66,120.46,16,2014
John,793573,Gary,3733263,136.68,96.32,16,2014
Steve,1341692,Tomas,5892024,121.54,84.56,16,2014
Lorenzo,2017413,Charlie,2466210,123.86,93.90,16,2014
DB,2442650,Matt,3190107,59.08,100.94,16,2014
Justin,142235,Lorenzo,2017413,119.70,94.08,15,2014
Jody,271999,Matt,3190107,134.44,124.58,15,2014
Dajuan,276726,John,793573,188.76,138.64,15,2014
Waso,378644,Steve,1341692,97.64,96.14,15,2014
Andreas,1088807,DB,2442650,115.72,78.52,15,2014
romain,1360516,Charlie,2466210,138.62,83.30,15,2014
Rochas,2012141,Gary,3733263,136.80,114.30,15,2014
Justin,3237775,Tomas,5892024,94.52,84.82,15,2014
Justin,142235,Rochas,2012141,140.80,163.18,14,2014
Jody,271999,Tomas,5892024,94.14,129.64,14,2014
Dajuan,276726,Charlie,2466210,158.26,89.32,14,2014
Waso,378644,DB,2442650,150.30,110.18,14,2014
John,793573,romain,1360516,142.44,111.22,14,2014
Andreas,1088807,Steve,1341692,122.16,148.68,14,2014
Lorenzo,2017413,Gary,3733263,114.22,116.58,14,2014
Matt,3190107,Justin,3237775,126.34,153.56,14,2014
Justin,142235,Jody,271999,138.04,106.64,13,2014
Dajuan,276726,Matt,3190107,148.82,115.26,13,2014
Waso,378644,DB,2442650,167.08,94.96,13,2014
John,793573,Rochas,2012141,139.42,189.20,13,2014
Andreas,1088807,Gary,3733263,127.42,95.40,13,2014
Steve,1341692,Tomas,5892024,92.30,146.98,13,2014
romain,1360516,Charlie,2466210,92.24,111.86,13,2014
Lorenzo,2017413,Justin,3237775,169.56,108.80,13,2014
Justin,142235,Steve,1341692,127.20,102.04,12,2014
Jody,271999,John,793573,122.04,108.96,12,2014
Dajuan,276726,Rochas,2012141,155.48,129.80,12,2014
Waso,378644,Lorenzo,2017413,104.32,108.68,12,2014
Andreas,1088807,romain,1360516,149.88,157.14,12,2014
DB,2442650,Charlie,2466210,64.72,112.98,12,2014
Matt,3190107,Justin,3237775,151.60,95.18,12,2014
Gary,3733263,Tomas,5892024,166.70,116.28,12,2014
Justin,142235,Gary,3733263,102.40,136.34,11,2014
Jody,271999,Dajuan,276726,102.90,139.76,11,2014
Waso,378644,Matt,3190107,104.36,73.08,11,2014
John,793573,Steve,1341692,140.68,71.20,11,2014
Andreas,1088807,Tomas,5892024,139.14,137.38,11,2014
romain,1360516,DB,2442650,121.62,132.88,11,2014
Rochas,2012141,Justin,3237775,173.02,106.68,11,2014
Lorenzo,2017413,Charlie,2466210,72.64,82.86,11,2014
Justin,142235,Andreas,1088807,111.18,144.28,10,2014
Jody,271999,Justin,3237775,117.24,94.38,10,2014
Dajuan,276726,Steve,1341692,183.76,166.92,10,2014
Waso,378644,Rochas,2012141,104.36,177.70,10,2014
John,793573,Gary,3733263,110.30,104.14,10,2014
romain,1360516,Tomas,5892024,188.30,74.32,10,2014
Lorenzo,2017413,DB,2442650,89.88,88.48,10,2014
Charlie,2466210,Matt,3190107,121.60,98.46,10,2014
Justin,142235,Tomas,5892024,103.18,135.96,9,2014
Jody,271999,Waso,378644,102.34,124.52,9,2014
Dajuan,276726,Gary,3733263,172.12,157.88,9,2014
John,793573,Andreas,1088807,154.60,99.64,9,2014
Steve,1341692,Justin,3237775,114.64,163.72,9,2014
romain,1360516,Lorenzo,2017413,122.62,98.46,9,2014
Rochas,2012141,Charlie,2466210,123.20,100.36,9,2014
DB,2442650,Matt,3190107,85.96,78.54,9,2014
Justin,142235,romain,1360516,158.54,136.26,8,2014
Jody,271999,Charlie,2466210,86.90,71.94,8,2014
Dajuan,276726,Andreas,1088807,194.44,155.72,8,2014
Waso,378644,Steve,1341692,146.52,106.12,8,2014
John,793573,Tomas,5892024,209.90,131.70,8,2014
Rochas,2012141,DB,2442650,179.68,78.84,8,2014
Lorenzo,2017413,Matt,3190107,137.40,78.84,8,2014
Justin,3237775,Gary,3733263,216.54,150.98,8,2014
Justin,142235,John,793573,129.32,128.80,7,2014
Jody,271999,DB,2442650,92.12,60.80,7,2014
Dajuan,276726,Tomas,5892024,195.86,92.86,7,2014
Waso,378644,Gary,3733263,116.78,123.78,7,2014
Andreas,1088807,Justin,3237775,121.66,136.10,7,2014
Steve,1341692,Charlie,2466210,84.02,103.10,7,2014
romain,1360516,Matt,3190107,214.22,93.96,7,2014
Rochas,2012141,Lorenzo,2017413,94.54,91.66,7,2014
Justin,142235,Dajuan,276726,139.10,108.30,6,2014
Jody,271999,Lorenzo,2017413,108.02,127.08,6,2014
Waso,378644,Andreas,1088807,109.44,139.78,6,2014
John,793573,romain,1360516,104.88,169.94,6,2014
Steve,1341692,DB,2442650,123.86,78.74,6,2014
Rochas,2012141,Matt,3190107,139.90,105.98,6,2014
Charlie,2466210,Gary,3733263,123.26,167.94,6,2014
Justin,3237775,Tomas,5892024,126.90,108.84,6,2014
Justin,142235,Justin,3237775,82.70,116.92,5,2014
Jody,271999,Matt,3190107,90.84,104.38,5,2014
Dajuan,276726,John,793573,126.00,146.72,5,2014
Waso,378644,Tomas,5892024,107.10,117.14,5,2014
Andreas,1088807,Charlie,2466210,133.64,145.46,5,2014
Steve,1341692,Lorenzo,2017413,114.96,119.60,5,2014
romain,1360516,Rochas,2012141,170.54,141.04,5,2014
DB,2442650,Gary,3733263,100.92,142.94,5,2014
Justin,142235,Waso,378644,111.50,143.06,4,2014
Jody,271999,Rochas,2012141,138.82,96.68,4,2014
Dajuan,276726,romain,1360516,113.16,170.90,4,2014
John,793573,Justin,3237775,132.18,127.02,4,2014
Andreas,1088807,DB,2442650,139.60,57.18,4,2014
Steve,1341692,Matt,3190107,106.88,96.58,4,2014
Lorenzo,2017413,Gary,3733263,166.32,170.18,4,2014
Charlie,2466210,Tomas,5892024,125.38,109.78,4,2014
Justin,142235,Charlie,2466210,160.02,113.92,3,2014
Jody,271999,romain,1360516,118.80,81.22,3,2014
Dajuan,276726,Justin,3237775,128.92,105.28,3,2014
Waso,378644,John,793573,120.32,123.52,3,2014
Andreas,1088807,Lorenzo,2017413,102.74,175.90,3,2014
Steve,1341692,Rochas,2012141,94.02,171.50,3,2014
DB,2442650,Tomas,5892024,103.68,59.04,3,2014
Matt,3190107,Gary,3733263,79.14,101.78,3,2014
Justin,142235,DB,2442650,106.46,83.70,2,2014
Jody,271999,Steve,1341692,90.42,106.92,2,2014
Dajuan,276726,Waso,378644,120.66,116.30,2,2014
John,793573,Charlie,2466210,168.78,97.38,2,2014
Andreas,1088807,Matt,3190107,119.64,98.26,2,2014
romain,1360516,Justin,3237775,130.78,161.94,2,2014
Rochas,2012141,Gary,3733263,118.98,138.28,2,2014
Lorenzo,2017413,Tomas,5892024,159.14,104.54,2,2014
Justin,142235,Lorenzo,2017413,142.02,136.18,1,2014
Jody,271999,Gary,3733263,117.24,118.84,1,2014
Dajuan,276726,Charlie,2466210,133.32,156.26,1,2014
Waso,378644,Justin,3237775,133.80,114.30,1,2014
John,793573,DB,2442650,128.58,163.98,1,2014
Andreas,1088807,Rochas,2012141,73.44,148.70,1,2014
Steve,1341692,romain,1360516,91.08,116.74,1,2014
Matt,3190107,Tomas,5892024,125.08,150.64,1,2014
Justin,142235,Jared,2931218,67.86,166.08,16,2013
Jody,271999,John,793573,98.64,142.44,16,2013
Dajuan,276726,Lorenzo,2017413,125.08,158.32,16,2013
Waso,378644,Justin,3237775,91.64,155.20,16,2013
Andreas,1088807,romain,1360516,106.48,174.72,16,2013
Steve,1341692,Rochas,2012141,111.00,95.70,16,2013
DB,2442650,Robert,4880036,76.16,58.74,16,2013
Gary,3733263,Tomas,5892024,104.12,134.84,16,2013
Justin,142235,Rochas,2012141,113.84,81.30,15,2013
Jody,271999,Justin,3237775,134.12,177.40,15,2013
Dajuan,276726,Andreas,1088807,151.04,154.24,15,2013
Waso,378644,John,793573,161.88,151.20,15,2013
Steve,1341692,Jared,2931218,134.72,154.62,15,2013
romain,1360516,Lorenzo,2017413,221.76,129.82,15,2013
DB,2442650,Gary,3733263,129.56,105.62,15,2013
Robert,4880036,Tomas,5892024,111.76,84.14,15,2013
Justin,142235,Lorenzo,2017413,136.24,188.66,14,2013
Jody,271999,Robert,4880036,90.08,90.88,14,2013
Dajuan,276726,Steve,1341692,150.50,139.16,14,2013
Waso,378644,DB,2442650,120.86,138.56,14,2013
John,793573,Gary,3733263,144.78,170.08,14,2013
Andreas,1088807,Jared,2931218,106.00,86.40,14,2013
romain,1360516,Rochas,2012141,157.32,123.94,14,2013
Justin,3237775,Tomas,5892024,138.98,168.44,14,2013
Justin,142235,Justin,3237775,104.86,130.86,13,2013
Jody,271999,John,793573,116.10,78.66,13,2013
Dajuan,276726,Rochas,2012141,206.18,120.38,13,2013
Waso,378644,DB,2442650,107.14,101.58,13,2013
Andreas,1088807,Gary,3733263,167.60,153.90,13,2013
Steve,1341692,Tomas,5892024,105.38,122.34,13,2013
romain,1360516,Jared,2931218,138.00,201.20,13,2013
Lorenzo,2017413,Robert,4880036,133.56,73.92,13,2013
Justin,142235,Steve,1341692,139.22,130.32,12,2013
Jody,271999,Dajuan,276726,124.28,124.26,12,2013
Waso,378644,Lorenzo,2017413,130.24,131.08,12,2013
John,793573,Robert,4880036,105.54,100.26,12,2013
Andreas,1088807,romain,1360516,122.16,165.34,12,2013
Rochas,2012141,Justin,3237775,94.60,121.14,12,2013
DB,2442650,Jared,2931218,79.62,92.92,12,2013
Gary,3733263,Tomas,5892024,87.82,131.86,12,2013
Justin,142235,Gary,3733263,115.04,193.26,11,2013
Jody,271999,Justin,3237775,148.66,137.52,11,2013
Dajuan,276726,Robert,4880036,72.10,82.70,11,2013
Waso,378644,John,793573,115.76,97.28,11,2013
Andreas,1088807,Tomas,5892024,123.02,118.36,11,2013
Steve,1341692,Rochas,2012141,122.24,87.48,11,2013
romain,1360516,DB,2442650,172.28,113.26,11,2013
Lorenzo,2017413,Jared,2931218,109.12,111.28,11,2013
Justin,142235,Andreas,1088807,117.62,124.06,10,2013
Jody,271999,Steve,1341692,77.40,108.10,10,2013
Dajuan,276726,Waso,378644,121.32,147.78,10,2013
John,793573,Jared,2931218,93.36,85.72,10,2013
romain,1360516,Tomas,5892024,134.24,114.36,10,2013
Rochas,2012141,Gary,3733263,103.38,94.74,10,2013
Lorenzo,2017413,DB,2442650,128.82,144.84,10,2013
Justin,3237775,Robert,4880036,151.24,109.98,10,2013
Justin,142235,Tomas,5892024,180.24,110.94,9,2013
Jody,271999,Gary,3733263,162.04,124.40,9,2013
Dajuan,276726,Jared,2931218,105.46,147.44,9,2013
Waso,378644,Justin,3237775,117.56,126.70,9,2013
John,793573,DB,2442650,171.20,111.04,9,2013
Andreas,1088807,Rochas,2012141,129.18,94.36,9,2013
Steve,1341692,Robert,4880036,196.82,63.48,9,2013
romain,1360516,Lorenzo,2017413,200.20,77.06,9,2013
Justin,142235,romain,1360516,83.66,174.34,8,2013
Jody,271999,Andreas,1088807,103.28,157.78,8,2013
Dajuan,276726,DB,2442650,171.70,72.42,8,2013
Waso,378644,Steve,1341692,74.68,134.14,8,2013
John,793573,Lorenzo,2017413,87.56,117.30,8,2013
Rochas,2012141,Tomas,5892024,139.68,92.04,8,2013
Jared,2931218,Justin,3237775,101.66,114.74,8,2013
Gary,3733263,Robert,4880036,113.14,125.82,8,2013
Justin,142235,Rochas,2012141,155.34,137.84,7,2013
Jody,271999,Tomas,5892024,120.42,83.96,7,2013
Dajuan,276726,Lorenzo,2017413,121.86,103.94,7,2013
Waso,378644,Gary,3733263,108.38,141.08,7,2013
John,793573,romain,1360516,99.46,130.32,7,2013
Andreas,1088807,Robert,4880036,152.90,93.64,7,2013
Steve,1341692,Jared,2931218,125.06,125.60,7,2013
DB,2442650,Justin,3237775,86.58,118.98,7,2013
Justin,142235,Jody,271999,131.84,99.66,6,2013
Dajuan,276726,John,793573,161.10,73.30,6,2013
Waso,378644,Andreas,1088807,133.14,108.42,6,2013
Steve,1341692,DB,2442650,129.34,123.72,6,2013
romain,1360516,Rochas,2012141,132.62,131.90,6,2013
Lorenzo,2017413,Justin,3237775,117.04,92.48,6,2013
Jared,2931218,Gary,3733263,114.60,157.22,6,2013
Robert,4880036,Tomas,5892024,123.88,76.58,6,2013
Justin,142235,Robert,4880036,134.12,165.30,5,2013
Jody,271999,Rochas,2012141,72.26,130.58,5,2013
Dajuan,276726,romain,1360516,199.98,181.50,5,2013
Waso,378644,Tomas,5892024,122.02,101.80,5,2013
John,793573,Justin,3237775,152.62,87.04,5,2013
Andreas,1088807,Jared,2931218,103.18,173.64,5,2013
Steve,1341692,Lorenzo,2017413,70.08,159.80,5,2013
DB,2442650,Gary,3733263,111.80,104.54,5,2013
Justin,142235,Waso,378644,134.04,85.84,4,2013
Jody,271999,romain,1360516,108.12,147.40,4,2013
Dajuan,276726,Justin,3237775,128.78,111.38,4,2013
John,793573,Steve,1341692,91.68,139.04,4,2013
Andreas,1088807,DB,2442650,105.68,137.30,4,2013
Rochas,2012141,Robert,4880036,148.54,133.42,4,2013
Lorenzo,2017413,Gary,3733263,194.10,140.18,4,2013
Jared,2931218,Tomas,5892024,182.60,83.78,4,2013
Justin,142235,Jared,2931218,100.16,78.36,3,2013
Jody,271999,Robert,4880036,100.02,164.32,3,2013
Dajuan,276726,Steve,1341692,171.78,111.70,3,2013
Waso,378644,Rochas,2012141,108.36,115.10,3,2013
John,793573,Gary,3733263,137.14,101.60,3,2013
Andreas,1088807,Lorenzo,2017413,134.00,128.38,3,2013
romain,1360516,Justin,3237775,138.08,132.88,3,2013
DB,2442650,Tomas,5892024,127.76,91.52,3,2013
Justin,142235,DB,2442650,139.02,103.18,2,2013
Jody,271999,Waso,378644,113.36,165.74,2,2013
Dajuan,276726,Gary,3733263,117.56,168.58,2,2013
John,793573,Andreas,1088807,183.12,185.68,2,2013
Steve,1341692,Justin,3237775,118.20,92.32,2,2013
romain,1360516,Robert,4880036,183.64,107.48,2,2013
Rochas,2012141,Jared,2931218,143.04,103.64,2,2013
Lorenzo,2017413,Tomas,5892024,139.82,105.70,2,2013
Justin,142235,Lorenzo,2017413,134.62,184.38,1,2013
Jody,271999,Jared,2931218,134.96,96.12,1,2013
Dajuan,276726,Andreas,1088807,144.04,117.76,1,2013
Waso,378644,Robert,4880036,108.54,115.70,1,2013
John,793573,Tomas,5892024,132.68,121.90,1,2013
Steve,1341692,romain,1360516,113.00,116.40,1,2013
Rochas,2012141,DB,2442650,167.34,190.38,1,2013
Justin,3237775,Gary,3733263,132.68,171.94,1,2013
Dajuan,276726,Wesley,1059914,156.00,116.56,16,2012
Waso,378644,DB,2442650,133.48,202.36,16,2012
John,793573,Lorenzo,2017413,166.28,104.30,16,2012
Andreas,1088807,Rochas,2012141,115.14,164.46,16,2012
Steve,1341692,romain,1360516,107.40,193.84,16,2012
Yehia,1452033,Dominic,2257022,88.86,181.80,16,2012
Christopher,1608834,Gary,3733263,68.70,94.26,16,2012
David,2180569,Matt,3190107,136.68,82.08,16,2012
Dajuan,276726,Matt,3190107,134.56,86.16,15,2012
Waso,378644,Rochas,2012141,102.94,88.90,15,2012
John,793573,Christopher,1608834,155.32,128.48,15,2012
Wesley,1059914,David,2180569,137.38,85.64,15,2012
Andreas,1088807,DB,2442650,120.28,147.80,15,2012
Steve,1341692,Yehia,1452033,174.26,132.30,15,2012
romain,1360516,Dominic,2257022,203.88,64.02,15,2012
Lorenzo,2017413,Gary,3733263,116.40,109.18,15,2012
Dajuan,276726,John,793573,103.58,104.44,14,2012
Waso,378644,Dominic,2257022,141.76,149.46,14,2012
Wesley,1059914,Gary,3733263,108.60,111.06,14,2012
Andreas,1088807,Yehia,1452033,74.26,153.98,14,2012
Steve,1341692,DB,2442650,121.64,117.12,14,2012
romain,1360516,Rochas,2012141,171.82,163.68,14,2012
Christopher,1608834,Matt,3190107,109.92,93.48,14,2012
Lorenzo,2017413,David,2180569,151.96,105.90,14,2012
Dajuan,276726,Rochas,2012141,120.02,112.80,13,2012
Waso,378644,Gary,3733263,110.68,110.02,13,2012
John,793573,David,2180569,139.02,142.16,13,2012
Wesley,1059914,Matt,3190107,129.68,140.52,13,2012
Andreas,1088807,romain,1360516,99.14,141.94,13,2012
Steve,1341692,Lorenzo,2017413,165.44,104.42,13,2012
Yehia,1452033,Christopher,1608834,163.48,144.42,13,2012
Dominic,2257022,DB,2442650,150.16,93.34,13,2012
Dajuan,276726,David,2180569,168.32,87.86,12,2012
Waso,378644,Andreas,1088807,93.98,126.98,12,2012
John,793573,Yehia,1452033,131.12,170.40,12,2012
Wesley,1059914,Rochas,2012141,116.86,117.82,12,2012
Steve,1341692,Matt,3190107,130.00,123.90,12,2012
romain,1360516,DB,2442650,186.54,112.68,12,2012
Christopher,1608834,Gary,3733263,93.74,117.64,12,2012
Lorenzo,2017413,Dominic,2257022,115.44,143.54,12,2012
Dajuan,276726,Yehia,1452033,115.66,117.90,11,2012
Waso,378644,romain,1360516,67.44,122.28,11,2012
John,793573,Gary,3733263,106.84,160.66,11,2012
Wesley,1059914,David,2180569,152.48,109.82,11,2012
Andreas,1088807,Christopher,1608834,130.94,115.88,11,2012
Steve,1341692,Rochas,2012141,149.26,109.84,11,2012
Lorenzo,2017413,DB,2442650,121.54,101.84,11,2012
Dominic,2257022,Matt,3190107,138.50,123.96,11,2012
Dajuan,276726,Gary,3733263,102.78,128.36,10,2012
Waso,378644,Christopher,1608834,143.00,124.78,10,2012
John,793573,Andreas,1088807,115.48,123.12,10,2012
Wesley,1059914,Yehia,1452033,109.94,46.04,10,2012
Steve,1341692,David,2180569,155.00,96.24,10,2012
romain,1360516,Lorenzo,2017413,160.14,176.96,10,2012
Rochas,2012141,Dominic,2257022,183.56,108.46,10,2012
DB,2442650,Matt,3190107,113.52,74.44,10,2012
Dajuan,276726,Andreas,1088807,92.64,113.66,9,2012
Waso,378644,John,793573,119.32,107.92,9,2012
Wesley,1059914,Gary,3733263,164.14,107.84,9,2012
Steve,1341692,Yehia,1452033,149.82,113.54,9,2012
romain,1360516,Christopher,1608834,114.84,157.88,9,2012
Rochas,2012141,DB,2442650,132.88,146.92,9,2012
Lorenzo,2017413,Matt,3190107,143.40,148.92,9,2012
David,2180569,Dominic,2257022,100.98,110.20,9,2012
Dajuan,276726,Waso,378644,82.24,126.24,8,2012
John,793573,Christopher,1608834,122.30,126.44,8,2012
Wesley,1059914,Andreas,1088807,118.58,122.04,8,2012
Steve,1341692,Gary,3733263,137.38,131.66,8,2012
romain,1360516,Matt,3190107,101.44,137.26,8,2012
Yehia,1452033,Dominic,2257022,107.30,79.52,8,2012
Rochas,2012141,Lorenzo,2017413,143.28,115.98,8,2012
David,2180569,DB,2442650,103.86,110.90,8,2012
Dajuan,276726,Christopher,1608834,109.46,112.32,7,2012
Waso,378644,Wesley,1059914,102.06,111.82,7,2012
John,793573,romain,1360516,136.42,122.90,7,2012
Andreas,1088807,Steve,1341692,156.16,119.16,7,2012
Yehia,1452033,DB,2442650,131.88,86.68,7,2012
Rochas,2012141,Matt,3190107,107.20,136.70,7,2012
Lorenzo,2017413,David,2180569,122.16,135.80,7,2012
Dominic,2257022,Gary,3733263,100.88,71.18,7,2012
Dajuan,276726,John,793573,117.02,128.50,6,2012
Waso,378644,Steve,1341692,124.74,86.54,6,2012
Wesley,1059914,Christopher,1608834,127.56,88.58,6,2012
Andreas,1088807,Dominic,2257022,114.02,178.40,6,2012
romain,1360516,Rochas,2012141,125.32,93.58,6,2012
Yehia,1452033,Lorenzo,2017413,87.92,122.62,6,2012
David,2180569,Matt,3190107,161.60,116.14,6,2012
DB,2442650,Gary,3733263,132.52,136.12,6,2012
Dajuan,276726,romain,1360516,111.82,187.36,5,2012
Waso,378644,Dominic,2257022,135.80,91.28,5,2012
John,793573,Wesley,1059914,123.32,113.50,5,2012
Andreas,1088807,DB,2442650,131.70,120.84,5,2012
Steve,1341692,Christopher,1608834,111.84,106.64,5,2012
Yehia,1452033,Matt,3190107,88.86,125.42,5,2012
Rochas,2012141,David,2180569,160.30,79.06,5,2012
Lorenzo,2017413,Gary,3733263,102.92,138.16,5,2012
Dajuan,276726,Wesley,1059914,100.60,88.68,4,2012
Waso,378644,DB,2442650,155.70,237.96,4,2012
John,793573,Steve,1341692,134.20,115.28,4,2012
Andreas,1088807,Lorenzo,2017413,97.24,146.16,4,2012
romain,1360516,David,2180569,141.36,125.80,4,2012
Yehia,1452033,Rochas,2012141,121.34,131.56,4,2012
Christopher,1608834,Dominic,2257022,141.88,153.08,4,2012
Matt,3190107,Gary,3733263,112.04,105.24,4,2012
Dajuan,276726,Steve,1341692,171.98,109.76,3,2012
Waso,378644,Lorenzo,2017413,127.30,136.92,3,2012
John,793573,Dominic,2257022,142.30,139.04,3,2012
Wesley,1059914,romain,1360516,79.02,131.60,3,2012
Andreas,1088807,Matt,3190107,133.66,76.62,3,2012
Yehia,1452033,David,2180569,116.22,146.48,3,2012
Christopher,1608834,DB,2442650,123.36,177.50,3,2012
Rochas,2012141,Gary,3733263,117.48,83.64,3,2012
Dajuan,276726,Dominic,2257022,88.10,148.54,2,2012
Waso,378644,Matt,3190107,137.04,128.94,2,2012
John,793573,DB,2442650,98.74,114.82,2,2012
Wesley,1059914,Steve,1341692,101.36,124.26,2,2012
Andreas,1088807,Rochas,2012141,155.02,113.94,2,2012
romain,1360516,Yehia,1452033,86.18,157.70,2,2012
Christopher,1608834,Lorenzo,2017413,134.88,138.50,2,2012
David,2180569,Gary,3733263,91.62,110.04,2,2012
Dajuan,276726,DB,2442650,130.20,152.64,1,2012
Waso,378644,Rochas,2012141,114.92,138.86,1,2012
John,793573,Lorenzo,2017413,133.90,95.20,1,2012
Wesley,1059914,Dominic,2257022,122.94,140.80,1,2012
Andreas,1088807,David,2180569,127.48,75.32,1,2012
Steve,1341692,romain,1360516,139.68,149.04,1,2012
Yehia,1452033,Gary,3733263,119.52,118.10,1,2012
Christopher,1608834,Matt,3190107,174.74,131.28,1,2012
travis,147885,Noah,1783643,152.97,170.97,16,2011
Scott,167910,Dajuan,276726,115.42,108.28,16,2011
John,793573,Rochas,2012141,102.70,129.06,16,2011
Ben,1005358,Steve,1341692,138.30,94.62,16,2011
Wesley,1059914,Christopher,1608834,106.19,128.55,16,2011
Andreas,1088807,Lorenzo,2017413,165.47,64.02,16,2011
romain,1360516,Ross,2038439,148.88,134.61,16,2011
Nick,1386303,David,2180569,149.39,107.18,16,2011
travis,147885,John,793573,147.80,101.76,15,2011
Scott,167910,Wesley,1059914,208.84,96.39,15,2011
Dajuan,276726,Christopher,1608834,179.08,116.13,15,2011
Ben,1005358,David,2180569,97.51,176.58,15,2011
Andreas,1088807,romain,1360516,75.91,123.64,15,2011
Steve,1341692,Nick,1386303,117.20,119.76,15,2011
Noah,1783643,Rochas,2012141,136.66,115.45,15,2011
Lorenzo,2017413,Ross,2038439,118.96,140.10,15,2011
travis,147885,David,2180569,188.04,125.48,14,2011
Scott,167910,Lorenzo,2017413,98.28,135.52,14,2011
Dajuan,276726,romain,1360516,131.28,168.88,14,2011
John,793573,Ben,1005358,147.54,123.09,14,2011
Wesley,1059914,Ross,2038439,101.99,192.70,14,2011
Andreas,1088807,Christopher,1608834,146.29,129.90,14,2011
Steve,1341692,Rochas,2012141,129.70,179.88,14,2011
Nick,1386303,Noah,1783643,144.54,146.90,14,2011
travis,147885,Christopher,1608834,139.56,147.08,13,2011
Scott,167910,Noah,1783643,131.82,205.13,13,2011
Dajuan,276726,Rochas,2012141,178.22,95.66,13,2011
John,793573,David,2180569,125.56,124.98,13,2011
Ben,1005358,Ross,2038439,183.18,178.66,13,2011
Wesley,1059914,Nick,1386303,69.82,80.66,13,2011
Andreas,1088807,romain,1360516,141.20,65.62,13,2011
Steve,1341692,Lorenzo,2017413,110.22,86.30,13,2011
travis,147885,John,793573,103.43,147.19,12,2011
Scott,167910,Andreas,1088807,84.64,176.75,12,2011
Dajuan,276726,David,2180569,128.64,158.32,12,2011
Ben,1005358,romain,1360516,147.72,115.64,12,2011
Wesley,1059914,Rochas,2012141,113.26,128.34,12,2011
Steve,1341692,Nick,1386303,135.60,138.07,12,2011
Christopher,1608834,Noah,1783643,149.09,119.28,12,2011
Lorenzo,2017413,Ross,2038439,88.31,151.97,12,2011
travis,147885,Dajuan,276726,105.11,104.16,11,2011
Scott,167910,romain,1360516,121.40,181.74,11,2011
John,793573,Noah,1783643,130.78,134.54,11,2011
Ben,1005358,Lorenzo,2017413,114.06,84.35,11,2011
Wesley,1059914,David,2180569,79.91,107.97,11,2011
Andreas,1088807,Christopher,1608834,128.08,108.41,11,2011
Steve,1341692,Rochas,2012141,86.69,143.11,11,2011
Nick,1386303,Ross,2038439,127.40,174.45,11,2011
travis,147885,Noah,1783643,150.20,141.08,10,2011
Scott,167910,Ben,1005358,130.46,116.91,10,2011
Dajuan,276726,Andreas,1088807,140.36,158.24,10,2011
John,793573,Rochas,2012141,96.65,173.16,10,2011
Wesley,1059914,romain,1360516,103.44,100.10,10,2011
Steve,1341692,David,2180569,86.65,155.38,10,2011
Nick,1386303,Ross,2038439,65.78,153.76,10,2011
Christopher,1608834,Lorenzo,2017413,110.34,76.57,10,2011
travis,147885,Steve,1341692,136.93,124.56,9,2011
Scott,167910,John,793573,144.93,108.91,9,2011
Dajuan,276726,Andreas,1088807,133.12,125.10,9,2011
Ben,1005358,Rochas,2012141,112.96,168.68,9,2011
Wesley,1059914,Noah,1783643,124.74,159.80,9,2011
romain,1360516,Christopher,1608834,155.90,121.50,9,2011
Nick,1386303,Lorenzo,2017413,55.11,61.02,9,2011
Ross,2038439,David,2180569,151.45,97.22,9,2011
travis,147885,Ross,2038439,120.95,98.71,8,2011
Scott,167910,Dajuan,276726,166.48,88.00,8,2011
John,793573,Christopher,1608834,153.12,128.21,8,2011
Ben,1005358,David,2180569,84.83,119.36,8,2011
Wesley,1059914,Andreas,1088807,95.88,110.88,8,2011
Steve,1341692,Noah,1783643,165.84,133.53,8,2011
romain,1360516,Nick,1386303,109.94,124.00,8,2011
Rochas,2012141,Lorenzo,2017413,83.27,142.96,8,2011
travis,147885,Ben,1005358,128.70,75.34,7,2011
Scott,167910,Wesley,1059914,158.22,110.01,7,2011
Dajuan,276726,Christopher,1608834,112.58,106.41,7,2011
John,793573,romain,1360516,130.64,79.98,7,2011
Andreas,1088807,Steve,1341692,126.52,137.61,7,2011
Nick,1386303,Rochas,2012141,84.44,110.68,7,2011
Noah,1783643,Ross,2038439,113.47,86.81,7,2011
Lorenzo,2017413,David,2180569,106.18,100.55,7,2011
travis,147885,Lorenzo,2017413,85.24,128.33,6,2011
Scott,167910,Steve,1341692,91.27,161.36,6,2011
Dajuan,276726,John,793573,140.32,139.78,6,2011
Ben,1005358,Noah,1783643,136.30,101.72,6,2011
Wesley,1059914,Christopher,1608834,116.96,101.08,6,2011
Andreas,1088807,Ross,2038439,144.64,124.45,6,2011
romain,1360516,Rochas,2012141,111.40,109.06,6,2011
Nick,1386303,David,2180569,105.98,111.42,6,2011
travis,147885,Nick,1386303,129.54,133.86,5,2011
Scott,167910,Ross,2038439,93.61,119.60,5,2011
Dajuan,276726,romain,1360516,143.58,134.76,5,2011
John,793573,Wesley,1059914,156.40,95.97,5,2011
Ben,1005358,Andreas,1088807,123.01,95.39,5,2011
Steve,1341692,Christopher,1608834,132.04,147.55,5,2011
Noah,1783643,Lorenzo,2017413,147.78,133.80,5,2011
Rochas,2012141,David,2180569,76.54,117.16,5,2011
travis,147885,Rochas,2012141,163.37,115.84,4,2011
Scott,167910,Ben,1005358,161.70,169.70,4,2011
Dajuan,276726,Wesley,1059914,92.16,124.76,4,2011
John,793573,Steve,1341692,68.67,163.14,4,2011
Andreas,1088807,Lorenzo,2017413,153.27,187.94,4,2011
romain,1360516,David,2180569,115.08,128.34,4,2011
Nick,1386303,Noah,1783643,103.46,183.94,4,2011
Christopher,1608834,Ross,2038439,128.54,144.98,4,2011
travis,147885,David,2180569,130.58,153.50,3,2011
Scott,167910,Lorenzo,2017413,134.42,101.34,3,2011
Dajuan,276726,Steve,1341692,106.44,149.36,3,2011
John,793573,Ross,2038439,119.00,111.24,3,2011
Ben,1005358,Christopher,1608834,148.60,141.49,3,2011
Wesley,1059914,romain,1360516,64.71,169.71,3,2011
Andreas,1088807,Nick,1386303,104.32,140.92,3,2011
Noah,1783643,Rochas,2012141,135.75,129.58,3,2011
travis,147885,romain,1360516,154.92,131.23,2,2011
Scott,167910,Nick,1386303,166.21,181.98,2,2011
Dajuan,276726,Ross,2038439,122.24,117.97,2,2011
John,793573,Ben,1005358,133.35,123.39,2,2011
Wesley,1059914,Steve,1341692,158.36,161.07,2,2011
Andreas,1088807,Rochas,2012141,126.20,168.52,2,2011
Christopher,1608834,Lorenzo,2017413,82.07,81.33,2,2011
Noah,1783643,David,2180569,167.65,148.20,2,2011
travis,147885,Steve,1341692,119.13,170.76,1,2011
Scott,167910,Rochas,2012141,98.70,178.78,1,2011
Dajuan,276726,Ben,1005358,111.72,141.72,1,2011
John,793573,Lorenzo,2017413,126.08,155.08,1,2011
Wesley,1059914,Ross,2038439,127.46,146.60,1,2011
Andreas,1088807,David,2180569,104.11,141.26,1,2011
romain,1360516,Noah,1783643,108.66,139.36,1,2011
Nick,1386303,Christopher,1608834,145.30,120.67,1,2011
Dajuan,276726,alex,1386356,202.27,163.60,16,2010
Monterrius,456417,Graeme,1383411,131.53,146.83,16,2010
Tyler,675498,No Opponent,No Opponent,90.32,No Opponent,16,2010
John,793573,romain,1360516,127.75,144.00,16,2010
Phillip,1085222,No Opponent,No Opponent,119.93,No Opponent,16,2010
Andreas,1088807,No Opponent,No Opponent,95.11,No Opponent,16,2010
Young,1305209,No Opponent,No Opponent,72.24,No Opponent,16,2010
Steve,1341692,No Opponent,No Opponent,81.92,No Opponent,16,2010
Dewayne,1375271,No Opponent,No Opponent,102.77,No Opponent,16,2010
Mr Chas,1376451,Nick,1386303,157.40,164.98,16,2010
jesse,1386260,No Opponent,No Opponent,118.39,No Opponent,16,2010
dale,1386369,No Opponent,No Opponent,93.68,No Opponent,16,2010
Dajuan,276726,Monterrius,456417,173.64,161.84,15,2010
Tyler,675498,No Opponent,No Opponent,127.57,No Opponent,15,2010
John,793573,Mr Chas,1376451,148.45,115.65,15,2010
Phillip,1085222,No Opponent,No Opponent,131.12,No Opponent,15,2010
Andreas,1088807,No Opponent,No Opponent,97.13,No Opponent,15,2010
Young,1305209,No Opponent,No Opponent,94.51,No Opponent,15,2010
Steve,1341692,No Opponent,No Opponent,133.54,No Opponent,15,2010
romain,1360516,Nick,1386303,155.30,143.60,15,2010
Dewayne,1375271,No Opponent,No Opponent,116.88,No Opponent,15,2010
Graeme,1383411,alex,1386356,105.45,118.10,15,2010
jesse,1386260,No Opponent,No Opponent,125.32,No Opponent,15,2010
dale,1386369,No Opponent,No Opponent,116.91,No Opponent,15,2010
Dajuan,276726,Mr Chas,1376451,89.57,127.19,14,2010
Monterrius,456417,John,793573,128.58,152.75,14,2010
Tyler,675498,No Opponent,No Opponent,154.45,No Opponent,14,2010
Phillip,1085222,No Opponent,No Opponent,160.22,No Opponent,14,2010
Andreas,1088807,No Opponent,No Opponent,124.82,No Opponent,14,2010
Young,1305209,No Opponent,No Opponent,106.83,No Opponent,14,2010
Steve,1341692,No Opponent,No Opponent,83.82,No Opponent,14,2010
romain,1360516,Graeme,1383411,159.15,137.34,14,2010
Dewayne,1375271,No Opponent,No Opponent,92.57,No Opponent,14,2010
jesse,1386260,No Opponent,No Opponent,118.00,No Opponent,14,2010
Nick,1386303,alex,1386356,126.02,92.60,14,2010
dale,1386369,No Opponent,No Opponent,108.25,No Opponent,14,2010
Dajuan,276726,John,793573,139.32,193.91,13,2010
Monterrius,456417,jesse,1386260,165.00,115.97,13,2010
Tyler,675498,Andreas,1088807,104.37,75.51,13,2010
Phillip,1085222,Nick,1386303,129.53,146.73,13,2010
Young,1305209,romain,1360516,121.85,132.34,13,2010
Steve,1341692,Graeme,1383411,113.85,163.80,13,2010
Dewayne,1375271,alex,1386356,106.17,175.60,13,2010
Mr Chas,1376451,dale,1386369,150.00,93.81,13,2010
Dajuan,276726,romain,1360516,106.90,137.77,12,2010
Monterrius,456417,Young,1305209,125.99,91.88,12,2010
Tyler,675498,jesse,1386260,121.32,97.87,12,2010
John,793573,dale,1386369,146.75,155.60,12,2010
Phillip,1085222,Steve,1341692,131.93,73.92,12,2010
Andreas,1088807,Graeme,1383411,158.47,135.97,12,2010
Dewayne,1375271,Mr Chas,1376451,83.67,182.05,12,2010
Nick,1386303,alex,1386356,177.19,138.60,12,2010
Dajuan,276726,Monterrius,456417,152.25,161.12,11,2010
Tyler,675498,Young,1305209,149.90,88.06,11,2010
John,793573,Dewayne,1375271,147.96,123.47,11,2010
Phillip,1085222,alex,1386356,130.31,139.55,11,2010
Andreas,1088807,Steve,1341692,139.98,166.85,11,2010
romain,1360516,dale,1386369,157.05,134.01,11,2010
Mr Chas,1376451,Nick,1386303,135.60,127.31,11,2010
Graeme,1383411,jesse,1386260,208.77,156.50,11,2010
Dajuan,276726,Tyler,675498,190.35,108.52,10,2010
Monterrius,456417,dale,1386369,196.63,156.37,10,2010
John,793573,Nick,1386303,110.95,88.11,10,2010
Phillip,1085222,Mr Chas,1376451,96.59,142.90,10,2010
Andreas,1088807,jesse,1386260,130.57,126.08,10,2010
Young,1305209,Graeme,1383411,107.10,100.31,10,2010
Steve,1341692,alex,1386356,160.45,232.75,10,2010
romain,1360516,Dewayne,1375271,127.27,128.98,10,2010
Dajuan,276726,Graeme,1383411,168.95,140.83,9,2010
Monterrius,456417,Dewayne,1375271,121.40,113.33,9,2010
Tyler,675498,dale,1386369,155.59,72.51,9,2010
John,793573,Phillip,1085222,164.52,94.21,9,2010
Andreas,1088807,Young,1305209,133.15,123.78,9,2010
Steve,1341692,jesse,1386260,110.61,92.77,9,2010
romain,1360516,Nick,1386303,132.86,128.75,9,2010
Mr Chas,1376451,alex,1386356,90.70,95.05,9,2010
Dajuan,276726,Andreas,1088807,135.08,99.72,8,2010
Monterrius,456417,Nick,1386303,93.03,121.87,8,2010
Tyler,675498,Dewayne,1375271,92.13,118.87,8,2010
John,793573,alex,1386356,162.00,68.42,8,2010
Phillip,1085222,romain,1360516,110.97,175.80,8,2010
Young,1305209,jesse,1386260,91.19,136.89,8,2010
Steve,1341692,Mr Chas,1376451,100.21,124.10,8,2010
Graeme,1383411,dale,1386369,153.43,160.43,8,2010
Dajuan,276726,jesse,1386260,142.73,165.38,7,2010
Monterrius,456417,Phillip,1085222,113.41,100.00,7,2010
Tyler,675498,Nick,1386303,147.22,214.25,7,2010
John,793573,Mr Chas,1376451,113.60,117.45,7,2010
Andreas,1088807,dale,1386369,158.98,86.52,7,2010
Young,1305209,Steve,1341692,145.02,91.52,7,2010
romain,1360516,alex,1386356,90.22,185.45,7,2010
Dewayne,1375271,Graeme,1383411,163.31,91.00,7,2010
Dajuan,276726,Young,1305209,160.35,124.45,6,2010
Monterrius,456417,alex,1386356,135.72,161.57,6,2010
Tyler,675498,Phillip,1085222,106.88,122.83,6,2010
John,793573,Steve,1341692,123.79,161.71,6,2010
Andreas,1088807,Dewayne,1375271,116.67,118.06,6,2010
romain,1360516,Mr Chas,1376451,143.03,91.04,6,2010
Graeme,1383411,Nick,1386303,154.95,93.85,6,2010
jesse,1386260,dale,1386369,102.97,111.63,6,2010
Dajuan,276726,Steve,1341692,131.07,127.63,5,2010
Monterrius,456417,Mr Chas,1376451,121.82,133.60,5,2010
Tyler,675498,alex,1386356,139.48,151.55,5,2010
John,793573,romain,1360516,118.74,129.62,5,2010
Phillip,1085222,Graeme,1383411,143.16,101.45,5,2010
Andreas,1088807,Nick,1386303,111.15,140.30,5,2010
Young,1305209,dale,1386369,140.00,107.15,5,2010
Dewayne,1375271,jesse,1386260,148.15,183.05,5,2010
Dajuan,276726,dale,1386369,99.82,116.55,4,2010
Monterrius,456417,John,793573,91.12,138.90,4,2010
Tyler,675498,Mr Chas,1376451,64.10,105.55,4,2010
Phillip,1085222,Andreas,1088807,114.99,81.95,4,2010
Young,1305209,Dewayne,1375271,150.90,88.53,4,2010
Steve,1341692,romain,1360516,100.65,112.92,4,2010
Graeme,1383411,alex,1386356,156.37,132.59,4,2010
jesse,1386260,Nick,1386303,139.15,111.65,4,2010
